Raion_Name,LPA_Name,Cuatm,Population (2024 Census),Percentage change 2024-2014,Pop_2024,In-Scope,In Cluster,Cluster Source,Auto_Status,Manual_Status,Manual_Source,Final_Status,Final_Source
Anenii Noi,Anenii Noi,1001,4. 5K - 10K,-17.8%,"8,933",TRUE,FALSE,FALSE,FALSE,5. Adopted,https://actelocale.gov.md/ral/act/cu-privire-la-amalgamarea-voluntară-a-unităților-administrativ-teritorialeorașul-aneni-noi-și-comuna-ciobanovca-2301140.html,5. Adopted,https://actelocale.gov.md/ral/act/cu-privire-la-amalgamarea-voluntară-a-unităților-administrativ-teritorialeorașul-aneni-noi-și-comuna-ciobanovca-2301140.html
Anenii Noi,Botnărești,1012,1. < 1500,-5.7%,946,TRUE,FALSE,FALSE,FALSE,,,0. Unclear or Not Initiated,0. Not Checked
Anenii Noi,Bulboaca,1014,3. 3K - 5K,-28.6%,"3,598",TRUE,FALSE,FALSE,FALSE,2. Working Group,https://actelocale.gov.md/ral/act/cu-privire-la-procesul-de-amalgamare-voluntară-2267240.html,2. Working Group,https://actelocale.gov.md/ral/act/cu-privire-la-procesul-de-amalgamare-voluntară-2267240.html
Anenii Noi,Calfa,1015,1. < 1500,-19.9%,"1,226",TRUE,1015,https://radiomoldova.md/p/78588/trei-localitati-din-raionul-anenii-noi-au-decis-amalgamarea-voluntara,5. Adopted,5. Adopted,,5. Adopted,https://radiomoldova.md/p/78588/trei-localitati-din-raionul-anenii-noi-au-decis-amalgamarea-voluntara
Anenii Noi,Chetrosu,1017,3. 3K - 5K,-20.7%,"3,073",TRUE,FALSE,FALSE,FALSE,,,0. Unclear or Not Initiated,0. Not Checked
Anenii Noi,Chirca,1018,1. < 1500,-28.0%,"1,314",TRUE,1018,https://raw.githubusercontent.com/frank0051/Moldova-Primarii-Puternice-Dashboard/refs/heads/main/Other%20Sources/Anenii%20Noi-01.txt,5. Adopted,5. Adopted,,5. Adopted,https://raw.githubusercontent.com/frank0051/Moldova-Primarii-Puternice-Dashboard/refs/heads/main/Other%20Sources/Anenii%20Noi-01.txt
Anenii Noi,Ciobanovca,1020,1. < 1500,-33.9%,"1,136",TRUE,FALSE,FALSE,FALSE,2. Working Group,https://actelocale.gov.md/ral/act/cu-privire-la-aprobarea-propunerii-de-solicitare-a-transferului-cu-destinație-specială-pentru-pregătirea-procesului-de-amalgamare-voluntară-2274714.html,2. Working Group,https://actelocale.gov.md/ral/act/cu-privire-la-aprobarea-propunerii-de-solicitare-a-transferului-cu-destinație-specială-pentru-pregătirea-procesului-de-amalgamare-voluntară-2274714.html
Anenii Noi,Cobusca Nouă,1021,1. < 1500,-36.6%,943,TRUE,1021,https://raw.githubusercontent.com/frank0051/Moldova-Primarii-Puternice-Dashboard/refs/heads/main/Other%20Sources/Anenii%20Noi-01.txt,5. Adopted,5. Adopted,,5. Adopted,https://raw.githubusercontent.com/frank0051/Moldova-Primarii-Puternice-Dashboard/refs/heads/main/Other%20Sources/Anenii%20Noi-01.txt
Anenii Noi,Cobusca Veche,1023,2. 1.5K - 3K,-22.2%,"1,787",TRUE,FALSE,FALSE,FALSE,,,0. Unclear or Not Initiated,0. Not Checked
Anenii Noi,Delacău,1026,1. < 1500,-39.1%,"1,210",TRUE,FALSE,FALSE,FALSE,1. Initiated,https://actelocale.gov.md/ral/act/Сu-privire-la-modificarea-deciziei-nr43-din-24042026cu-privire-la-inițierea-procesului-de-amalgamare-voluntară-2248434.html,1. Initiated,https://actelocale.gov.md/ral/act/Сu-privire-la-modificarea-deciziei-nr43-din-24042026cu-privire-la-inițierea-procesului-de-amalgamare-voluntară-2248434.html
Anenii Noi,Floreni,1027,3. 3K - 5K,-23.0%,"3,059",TRUE,FALSE,FALSE,FALSE,1. Initiated,https://actelocale.gov.md/ral/act/cu-privire-la-inițierea-procesului-de-amalgamare-voluntară-2294629.html,1. Initiated,https://actelocale.gov.md/ral/act/cu-privire-la-inițierea-procesului-de-amalgamare-voluntară-2294629.html
Anenii Noi,Geamăna,1028,2. 1.5K - 3K,-20.4%,"2,436",TRUE,1028,https://radiochisinau.md/inca-trei-localitati-din-anenii-noi-se-amalgameaza-voluntar-guvernul-va-investi-13-milioane-de-lei---225535.html,5. Adopted,5. Adopted,,5. Adopted,https://radiochisinau.md/inca-trei-localitati-din-anenii-noi-se-amalgameaza-voluntar-guvernul-va-investi-13-milioane-de-lei---225535.html
Anenii Noi,Gura Bîcului,1030,2. 1.5K - 3K,-37.1%,"2,138",TRUE,FALSE,FALSE,FALSE,,,0. Unclear or Not Initiated,0. Not Checked
Anenii Noi,Hîrbovăț,1031,3. 3K - 5K,-31.8%,"3,540",TRUE,FALSE,FALSE,FALSE,1. Initiated,https://actelocale.gov.md/ral/act/cu-privire-la-inițierea-procesului-de-amalgamare-voluntară-2239828.html,1. Initiated,https://actelocale.gov.md/ral/act/cu-privire-la-inițierea-procesului-de-amalgamare-voluntară-2239828.html
Anenii Noi,Maximovca,1032,1. < 1500,-19.5%,"1,494",TRUE,FALSE,FALSE,FALSE,,,0. Unclear or Not Initiated,0. Not Checked
Anenii Noi,Mereni,1034,3. 3K - 5K,-26.9%,"4,206",TRUE,FALSE,FALSE,FALSE,,,0. Unclear or Not Initiated,0. Not Checked
Anenii Noi,Merenii Noi,1036,1. < 1500,-18.7%,"1,182",TRUE,FALSE,FALSE,FALSE,2. Working Group,https://actelocale.gov.md/ral/act/cu-privire-la-convocarea-grupului-comun-de-lucru-privind-amalgamareavoluntară-a-unităților-administrativ-teritoriale-2260953.html,2. Working Group,https://actelocale.gov.md/ral/act/cu-privire-la-convocarea-grupului-comun-de-lucru-privind-amalgamareavoluntară-a-unităților-administrativ-teritoriale-2260953.html
Anenii Noi,Ochiul Roș,2328,1. < 1500,-31.8%,236,TRUE,2328,https://radiochisinau.md/inca-trei-localitati-din-anenii-noi-se-amalgameaza-voluntar-guvernul-va-investi-13-milioane-de-lei---225535.html,5. Adopted,5. Adopted,,5. Adopted,https://radiochisinau.md/inca-trei-localitati-din-anenii-noi-se-amalgameaza-voluntar-guvernul-va-investi-13-milioane-de-lei---225535.html
Anenii Noi,Puhăceni,1037,2. 1.5K - 3K,-35.3%,"2,199",TRUE,FALSE,FALSE,FALSE,,,0. Unclear or Not Initiated,0. Not Checked
Anenii Noi,Roșcani,1038,2. 1.5K - 3K,-35.5%,"1,670",TRUE,1038,https://radiomoldova.md/p/78588/trei-localitati-din-raionul-anenii-noi-au-decis-amalgamarea-voluntara,5. Adopted,5. Adopted,,5. Adopted,https://radiomoldova.md/p/78588/trei-localitati-din-raionul-anenii-noi-au-decis-amalgamarea-voluntara
Anenii Noi,Șerpeni,1042,2. 1.5K - 3K,-37.9%,"2,094",TRUE,FALSE,FALSE,FALSE,1. Initiated,https://actelocale.gov.md/ral/act/cu-privire-la-inițierea-procesului-de-amalgamare-voluntară-2270919.html,1. Initiated,https://actelocale.gov.md/ral/act/cu-privire-la-inițierea-procesului-de-amalgamare-voluntară-2270919.html
Anenii Noi,Speia,1041,2. 1.5K - 3K,-41.5%,"1,593",TRUE,FALSE,FALSE,FALSE,1. Initiated,https://actelocale.gov.md/ral/act/Сu-privire-la-inițierea-procesului-de-amalgamare-voluntară-2279791.html,1. Initiated,https://actelocale.gov.md/ral/act/Сu-privire-la-inițierea-procesului-de-amalgamare-voluntară-2279791.html
Anenii Noi,Telița,1043,1. < 1500,-25.1%,823,TRUE,1043,https://radiomoldova.md/p/78588/trei-localitati-din-raionul-anenii-noi-au-decis-amalgamarea-voluntara,5. Adopted,5. Adopted,,5. Adopted,https://radiomoldova.md/p/78588/trei-localitati-din-raionul-anenii-noi-au-decis-amalgamarea-voluntara
Anenii Noi,Ţînţăreni,1050,2. 1.5K - 3K,-23.6%,"2,462",TRUE,1050,https://raw.githubusercontent.com/frank0051/Moldova-Primarii-Puternice-Dashboard/refs/heads/main/Other%20Sources/Anenii%20Noi-01.txt,5. Adopted,5. Adopted,,5. Adopted,https://raw.githubusercontent.com/frank0051/Moldova-Primarii-Puternice-Dashboard/refs/heads/main/Other%20Sources/Anenii%20Noi-01.txt
Anenii Noi,Varnița,0502,3. 3K - 5K,-25.0%,"3,827",TRUE,FALSE,FALSE,FALSE,,,0. Unclear or Not Initiated,0. Not Checked
Anenii Noi,Zolotievca,2338,1. < 1500,-30.4%,562,TRUE,2338,https://radiochisinau.md/inca-trei-localitati-din-anenii-noi-se-amalgameaza-voluntar-guvernul-va-investi-13-milioane-de-lei---225535.html,5. Adopted,5. Adopted,,5. Adopted,https://radiochisinau.md/inca-trei-localitati-din-anenii-noi-se-amalgameaza-voluntar-guvernul-va-investi-13-milioane-de-lei---225535.html
Basarabeasca,Abaclia,1210,2. 1.5K - 3K,-38.7%,"2,856",TRUE,1210,https://www.facebook.com/AlexeiBuzuGov/posts/pfbid02TZLVVNC7boN2XvUjx6R9hXS2nTo3ue6e6JW92zN2ABe4KFNSwLxhvTv797uQT59xl,5. Adopted,5. Adopted,,5. Adopted,https://www.facebook.com/AlexeiBuzuGov/posts/pfbid02TZLVVNC7boN2XvUjx6R9hXS2nTo3ue6e6JW92zN2ABe4KFNSwLxhvTv797uQT59xl
Basarabeasca,Basarabeasca,1201,4. 5K - 10K,-25.7%,"6,291",TRUE,FALSE,FALSE,FALSE,,,0. Unclear or Not Initiated,0. Not Checked
Basarabeasca,Başcalia,1211,1. < 1500,-54.4%,"1,311",TRUE,FALSE,FALSE,FALSE,,,0. Unclear or Not Initiated,0. Not Checked
Basarabeasca,Carabetovca,1212,1. < 1500,-41.5%,971,TRUE,1212,https://www.moldpres.md/rom/politica/grupuri-de-primarii-amalgamate-au-fost-create-in-toate-regiunile-tarii-investitii-de-366-de-milioane-de-lei-planificate-de-guvern-pentru-modernizarea-localitatilor,5. Adopted,5. Adopted,,5. Adopted,https://www.moldpres.md/rom/politica/grupuri-de-primarii-amalgamate-au-fost-create-in-toate-regiunile-tarii-investitii-de-366-de-milioane-de-lei-planificate-de-guvern-pentru-modernizarea-localitatilor
Basarabeasca,Iordanovca,1213,1. < 1500,-43.0%,434,TRUE,1213,https://www.facebook.com/AlexeiBuzuGov/posts/pfbid02TZLVVNC7boN2XvUjx6R9hXS2nTo3ue6e6JW92zN2ABe4KFNSwLxhvTv797uQT59xl,5. Adopted,5. Adopted,,5. Adopted,https://www.facebook.com/AlexeiBuzuGov/posts/pfbid02TZLVVNC7boN2XvUjx6R9hXS2nTo3ue6e6JW92zN2ABe4KFNSwLxhvTv797uQT59xl
Basarabeasca,Iserlia,1214,1. < 1500,-40.9%,628,TRUE,FALSE,FALSE,FALSE,4. Final Meeting Scheduled,https://actelocale.gov.md/ral/act/cu-privire-la-audierea-publice-a-proiectului-de-decizie-privind-amalgamarea-voluntară-a-unităților-administrativ-teritoriale-comiserlia-smihailovca-stroiţcoe-2297994.html,4. Final Meeting Scheduled,https://actelocale.gov.md/ral/act/cu-privire-la-audierea-publice-a-proiectului-de-decizie-privind-amalgamarea-voluntară-a-unităților-administrativ-teritoriale-comiserlia-smihailovca-stroiţcoe-2297994.html
Basarabeasca,Sadaclia,1218,2. 1.5K - 3K,-31.3%,"2,423",TRUE,1218,https://www.moldpres.md/rom/politica/grupuri-de-primarii-amalgamate-au-fost-create-in-toate-regiunile-tarii-investitii-de-366-de-milioane-de-lei-planificate-de-guvern-pentru-modernizarea-localitatilor,5. Adopted,5. Adopted,,5. Adopted,https://www.moldpres.md/rom/politica/grupuri-de-primarii-amalgamate-au-fost-create-in-toate-regiunile-tarii-investitii-de-366-de-milioane-de-lei-planificate-de-guvern-pentru-modernizarea-localitatilor
Briceni,Balasineşti,1410,1. < 1500,-45.5%,"1,237",TRUE,FALSE,FALSE,FALSE,1. Initiated,https://actelocale.gov.md/ral/act/cu-privire-la-inițierea-procesului-de-amalgamare-voluntară-2260471.html,1. Initiated,https://actelocale.gov.md/ral/act/cu-privire-la-inițierea-procesului-de-amalgamare-voluntară-2260471.html
Briceni,Bălcăuți,1411,1. < 1500,-49.5%,339,TRUE,FALSE,FALSE,FALSE,1. Initiated,https://actelocale.gov.md/ral/act/cu-privire-la-inițierea-procesului-de-amalgamare-voluntară-2267220.html,1. Initiated,https://actelocale.gov.md/ral/act/cu-privire-la-inițierea-procesului-de-amalgamare-voluntară-2267220.html
Briceni,Beleavinţi,1427,1. < 1500,-41.5%,"1,284",TRUE,FALSE,FALSE,FALSE,1. Initiated,https://actelocale.gov.md/ral/act/cu-privire-la-abrogarea-deciziei-nr22-din-29042026-cu-privire-la-inițierea-procesului-de-amalgamare-voluntară-2261488.html,1. Initiated,https://actelocale.gov.md/ral/act/cu-privire-la-abrogarea-deciziei-nr22-din-29042026-cu-privire-la-inițierea-procesului-de-amalgamare-voluntară-2261488.html
Briceni,Berliniţi,1413,1. < 1500,-40.6%,"1,136",TRUE,FALSE,FALSE,FALSE,1. Initiated,https://actelocale.gov.md/ral/act/cu-privire-la-inițierea-procesului-de-amalgamare-voluntară-2265601.html,1. Initiated,https://actelocale.gov.md/ral/act/cu-privire-la-inițierea-procesului-de-amalgamare-voluntară-2265601.html
Briceni,Bogdănești,1414,1. < 1500,-23.8%,891,TRUE,FALSE,FALSE,FALSE,,,0. Unclear or Not Initiated,0. Not Checked
Briceni,Briceni,1401,4. 5K - 10K,-20.9%,"5,785",TRUE,FALSE,FALSE,FALSE,1. Initiated,https://actelocale.gov.md/ral/act/1cu-privire-la-modificarea-deciziei-consiliului-orășenesc-briceni-nr-53-din-26052026-cu-privire-la-inițierea-procesului-de-amalgamare-voluntară-2267696.html,1. Initiated,https://actelocale.gov.md/ral/act/1cu-privire-la-modificarea-deciziei-consiliului-orășenesc-briceni-nr-53-din-26052026-cu-privire-la-inițierea-procesului-de-amalgamare-voluntară-2267696.html
Briceni,Bulboaca,1417,1. < 1500,-35.8%,509,TRUE,FALSE,FALSE,FALSE,2. Working Group,https://actelocale.gov.md/ral/act/previewAct/5399116/2267240?_dc=1785000279,2. Working Group,https://actelocale.gov.md/ral/act/previewAct/5399116/2267240?_dc=1785000279
Briceni,Caracuşenii Vechi,1419,2. 1.5K - 3K,-32.8%,"2,629",TRUE,FALSE,FALSE,FALSE,1. Initiated,https://actelocale.gov.md/ral/act/cu-privire-la-inițierea-procesului-de-amalgamare-voluntară-2244952.html,1. Initiated,https://actelocale.gov.md/ral/act/cu-privire-la-inițierea-procesului-de-amalgamare-voluntară-2244952.html
Briceni,Colicăuți,1420,2. 1.5K - 3K,-29.6%,"2,025",TRUE,FALSE,FALSE,FALSE,1. Initiated,https://actelocale.gov.md/ral/act/cu-privire-la-modificarea-și-completarea-deciziei-nr-31-din-27042026-privind-inițierea-procesului-de-amalgamare-voluntară-2265609.html,1. Initiated,https://actelocale.gov.md/ral/act/cu-privire-la-modificarea-și-completarea-deciziei-nr-31-din-27042026-privind-inițierea-procesului-de-amalgamare-voluntară-2265609.html
Briceni,Corjeuți,1422,3. 3K - 5K,-32.3%,"4,495",TRUE,FALSE,FALSE,FALSE,1. Initiated,https://actelocale.gov.md/ral/act/Сu-privire-la-inițierea-procesului-de-amalgamare-voluntară-2249829.html,1. Initiated,https://actelocale.gov.md/ral/act/Сu-privire-la-inițierea-procesului-de-amalgamare-voluntară-2249829.html
Briceni,Coteala,1423,1. < 1500,-29.5%,"1,338",TRUE,FALSE,FALSE,FALSE,4. Final Meeting Scheduled,https://actelocale.gov.md/ral/act/cu-privire-la-convocarea-adunării-generale-a-cetățenilor-privind-inițierea-procesului-de-amalgamare-voluntară-2262625.html,4. Final Meeting Scheduled,https://actelocale.gov.md/ral/act/cu-privire-la-convocarea-adunării-generale-a-cetățenilor-privind-inițierea-procesului-de-amalgamare-voluntară-2262625.html
Briceni,Cotiujeni,1424,2. 1.5K - 3K,-35.4%,"2,200",TRUE,FALSE,FALSE,FALSE,1. Initiated,https://actelocale.gov.md/ral/act/cu-privire-la-inițierea-procesului-de-amalgamare-voluntară-2260695.html,1. Initiated,https://actelocale.gov.md/ral/act/cu-privire-la-inițierea-procesului-de-amalgamare-voluntară-2260695.html
Briceni,Criva,1425,1. < 1500,-35.7%,920,TRUE,FALSE,FALSE,FALSE,1. Initiated,https://actelocale.gov.md/ral/act/cu-privire-la-modificarea-și-completarea-deciziei-nr-31-din-03062026-cu-privire-la-inițierea-procesului-de-amalgamare-voluntară-2269634.html,1. Initiated,https://actelocale.gov.md/ral/act/cu-privire-la-modificarea-și-completarea-deciziei-nr-31-din-03062026-cu-privire-la-inițierea-procesului-de-amalgamare-voluntară-2269634.html
Briceni,Drepcăuți,1426,1. < 1500,-39.9%,"1,316",TRUE,FALSE,FALSE,FALSE,1. Initiated,https://actelocale.gov.md/ral/act/cu-privire-la-modificarea-deciziei-consiliului-local-drepcăuți-nr51-din-27-mai-2026-cu-privire-la-inițierea-procesului-de-amalgamare-voluntară-2268888.html,1. Initiated,https://actelocale.gov.md/ral/act/cu-privire-la-modificarea-deciziei-consiliului-local-drepcăuți-nr51-din-27-mai-2026-cu-privire-la-inițierea-procesului-de-amalgamare-voluntară-2268888.html
Briceni,Grimăncăuți,1428,2. 1.5K - 3K,-28.4%,"2,854",TRUE,FALSE,FALSE,FALSE,1. Initiated,https://actelocale.gov.md/ral/act/cu-privire-la-inițierea-procesului-de-amalgamare-2239177.html,1. Initiated,https://actelocale.gov.md/ral/act/cu-privire-la-inițierea-procesului-de-amalgamare-2239177.html
Briceni,Halahora de Sus,1429,1. < 1500,-40.1%,951,TRUE,FALSE,FALSE,FALSE,1. Initiated,https://actelocale.gov.md/ral/act/cu-privire-la-modificarea-și-completarea-deciziei-nr-31-din-22062026-cu-privire-la-inițierea-pocesului-de-amalgamare-voluntară-2286664.html,1. Initiated,https://actelocale.gov.md/ral/act/cu-privire-la-modificarea-și-completarea-deciziei-nr-31-din-22062026-cu-privire-la-inițierea-pocesului-de-amalgamare-voluntară-2286664.html
Briceni,Hlina,1432,1. < 1500,-33.5%,647,TRUE,FALSE,FALSE,FALSE,1. Initiated,https://actelocale.gov.md/ral/act/cu-privire-la-acceptarea-propunerii-de-inițiere-a-procesului-de-amalgamare-voluntară-2274902.html,1. Initiated,https://actelocale.gov.md/ral/act/cu-privire-la-acceptarea-propunerii-de-inițiere-a-procesului-de-amalgamare-voluntară-2274902.html
Briceni,Larga,1433,2. 1.5K - 3K,-31.1%,"2,977",TRUE,FALSE,FALSE,FALSE,3. Draft Consultation,https://actelocale.gov.md/ral/act/cu-privire-la-organizarea-și-desfășurarea-consultărilor-publice-privind-amalgamarea-voluntară-a-primăriei-comunei-larga-cuprimăria-satului-coteala-și-primăria-comunei-medveja-2258074.html,3. Draft Consultation,https://actelocale.gov.md/ral/act/cu-privire-la-organizarea-și-desfășurarea-consultărilor-publice-privind-amalgamarea-voluntară-a-primăriei-comunei-larga-cuprimăria-satului-coteala-și-primăria-comunei-medveja-2258074.html
Briceni,Lipcani,1402,3. 3K - 5K,-23.8%,"3,569",TRUE,FALSE,FALSE,FALSE,3. Draft Consultation,https://actelocale.gov.md/ral/act/cu-privire-la-iniţierea-şi-desfăşurarea-procedurii-de-consultare-publică-asupra-proiectului-de-decizie-cu-privire-la-amalgamarea-voluntarăa-unităţilor-administrativ-teritoriale-uat-lipceni-uat-rezinauat-păpăuţ-uat-saharna-nouăuat-solonceni-uat-horodişte-uat-Ţareuca-uat-sîrcova-uat-lalova-2295030.html,3. Draft Consultation,https://actelocale.gov.md/ral/act/cu-privire-la-iniţierea-şi-desfăşurarea-procedurii-de-consultare-publică-asupra-proiectului-de-decizie-cu-privire-la-amalgamarea-voluntarăa-unităţilor-administrativ-teritoriale-uat-lipceni-uat-rezinauat-păpăuţ-uat-saharna-nouăuat-solonceni-uat-horodişte-uat-Ţareuca-uat-sîrcova-uat-lalova-2295030.html
Briceni,Mărcăuți,1435,1. < 1500,-38.8%,863,TRUE,FALSE,FALSE,FALSE,1. Initiated,https://actelocale.gov.md/ral/act/cu-privire-la-modificarea-și-completarea-deciziei-nr213-din-13052026-cu-privire-la-inițierea-procesului-de-amalgamare-voluntară-2267084.html,1. Initiated,https://actelocale.gov.md/ral/act/cu-privire-la-modificarea-și-completarea-deciziei-nr213-din-13052026-cu-privire-la-inițierea-procesului-de-amalgamare-voluntară-2267084.html
Briceni,Medveja,1437,1. < 1500,-37.8%,885,TRUE,FALSE,FALSE,FALSE,2. Working Group,https://actelocale.gov.md/ral/act/cu-privire-la-solicitarea-transferului-pentru-susținerea-procesului-de-amalgamare-voluntară-2297223.html,2. Working Group,https://actelocale.gov.md/ral/act/cu-privire-la-solicitarea-transferului-pentru-susținerea-procesului-de-amalgamare-voluntară-2297223.html
Briceni,Mihăileni,1439,1. < 1500,-43.1%,392,TRUE,FALSE,FALSE,FALSE,1. Initiated,https://actelocale.gov.md/ral/act/cu-privire-la-inițierea-procesului-de-amalgamare-voluntară-2288441.html,1. Initiated,https://actelocale.gov.md/ral/act/cu-privire-la-inițierea-procesului-de-amalgamare-voluntară-2288441.html
Briceni,Pererita,1441,1. < 1500,-43.8%,939,TRUE,FALSE,FALSE,FALSE,1. Initiated,https://actelocale.gov.md/ral/act/cu-privire-la-inițierea-procesului-de-amalgamare-voluntară-și-modificarea-deciziei-consiliului-satului-pererita-nr-43-din-29052026-2273202.html,1. Initiated,https://actelocale.gov.md/ral/act/cu-privire-la-inițierea-procesului-de-amalgamare-voluntară-și-modificarea-deciziei-consiliului-satului-pererita-nr-43-din-29052026-2273202.html
Briceni,Şirăuţi,1442,1. < 1500,-45.0%,"1,217",TRUE,FALSE,FALSE,FALSE,1. Initiated,https://actelocale.gov.md/ral/act/cu-privire-la-modificarea-deciziei-consiliului-sătesc-sirăuți-nr-42-din-09062026-cu-privire-la-inițierea-procesului-de-amalgamare-voluntară-2269515.html,1. Initiated,https://actelocale.gov.md/ral/act/cu-privire-la-modificarea-deciziei-consiliului-sătesc-sirăuți-nr-42-din-09062026-cu-privire-la-inițierea-procesului-de-amalgamare-voluntară-2269515.html
Briceni,Slobozia-Şirăuţi,1443,1. < 1500,-30.5%,689,TRUE,FALSE,FALSE,FALSE,1. Initiated,https://actelocale.gov.md/ral/act/cu-privire-modificarea-deciziei-consiliului-local-slobozia-Şirăuți-nr33-din-22-mai-2026-cu-privire-la-iniţierea-procesului-de-amalgamare-voluntară-2270504.html,1. Initiated,https://actelocale.gov.md/ral/act/cu-privire-modificarea-deciziei-consiliului-local-slobozia-Şirăuți-nr33-din-22-mai-2026-cu-privire-la-iniţierea-procesului-de-amalgamare-voluntară-2270504.html
Briceni,Tabani,1444,2. 1.5K - 3K,-35.1%,"1,807",TRUE,FALSE,FALSE,FALSE,5. Adopted,https://actelocale.gov.md/ral/act/cu-privire-la-solicitarea-transferului-pentru-susținerea-procesului-de-amalgamare-voluntară-2303834.html,5. Adopted,https://actelocale.gov.md/ral/act/cu-privire-la-solicitarea-transferului-pentru-susținerea-procesului-de-amalgamare-voluntară-2303834.html
Briceni,Tețcani,1445,2. 1.5K - 3K,-35.9%,"1,701",TRUE,FALSE,FALSE,FALSE,,,0. Unclear or Not Initiated,0. Not Checked
Briceni,Trebisăuți,1446,1. < 1500,-34.0%,"1,299",TRUE,FALSE,FALSE,FALSE,1. Initiated,https://actelocale.gov.md/ral/act/cu-privire-la-modificarea-și-completarea-deciziei-21cu-privire-la-inițierea-procesului-de-amalgamare-voluntară-2266066.html,1. Initiated,https://actelocale.gov.md/ral/act/cu-privire-la-modificarea-și-completarea-deciziei-21cu-privire-la-inițierea-procesului-de-amalgamare-voluntară-2266066.html
Cahul,Alexanderfeld,9414,1. < 1500,-38.2%,831,TRUE,FALSE,FALSE,FALSE,1. Initiated,https://actelocale.gov.md/ral/act/cu-privire-la-modificarea-deciziei-nr201-din-05052026cu-privire-la-inițierea-procesului-de-amalgamare-voluntară-2291492.html,1. Initiated,https://actelocale.gov.md/ral/act/cu-privire-la-modificarea-deciziei-nr201-din-05052026cu-privire-la-inițierea-procesului-de-amalgamare-voluntară-2291492.html
Cahul,Alexandru Ioan Cuza,9410,2. 1.5K - 3K,-30.0%,"1,714",TRUE,FALSE,FALSE,FALSE,1. Initiated,https://actelocale.gov.md/ral/act/cu-privire-la-examinarea-demersurilor-din-partea-asociaţiei-veteranilor-şi-pensionarilor-serviciului-vamal-al-rmoldova-şi-a-ao-parlamentul-independenţei-privind-intenţionarea-inaugurării-bustului-comemorativ-al-dlui-gheorghe-hioară-2242588.html,1. Initiated,https://actelocale.gov.md/ral/act/cu-privire-la-examinarea-demersurilor-din-partea-asociaţiei-veteranilor-şi-pensionarilor-serviciului-vamal-al-rmoldova-şi-a-ao-parlamentul-independenţei-privind-intenţionarea-inaugurării-bustului-comemorativ-al-dlui-gheorghe-hioară-2242588.html
Cahul,Andrușul de Jos,1710,1. < 1500,-36.0%,"1,457",TRUE,FALSE,FALSE,FALSE,,,0. Unclear or Not Initiated,0. Not Checked
Cahul,Andrușul de Sus,1711,1. < 1500,-24.8%,"1,071",TRUE,FALSE,FALSE,FALSE,5. Adopted,https://actelocale.gov.md/ral/act/cu-privire-la-amalgamarea-voluntară-a-unităților-administrative-teritoriale-a-sat-roșu-sat-andrușul-de-jos-și-sat-andrușul-de-sus-r-nul-cahul-2303857.html,5. Adopted,https://actelocale.gov.md/ral/act/cu-privire-la-amalgamarea-voluntară-a-unităților-administrative-teritoriale-a-sat-roșu-sat-andrușul-de-jos-și-sat-andrușul-de-sus-r-nul-cahul-2303857.html
Cahul,Badicul Moldovenesc,1712,1. < 1500,-37.6%,776,TRUE,FALSE,FALSE,FALSE,1. Initiated,https://actelocale.gov.md/ral/act/cu-privire-la-inițierea-procesului-de-amalgamare-voluntară-a-unităților-administrativ-teritoriale-2255452.html,1. Initiated,https://actelocale.gov.md/ral/act/cu-privire-la-inițierea-procesului-de-amalgamare-voluntară-a-unităților-administrativ-teritoriale-2255452.html
Cahul,Baurci-Moldoveni,1713,1. < 1500,-37.4%,"1,285",TRUE,1713,https://radiochisinau.md/amalgamare-voluntara-la-cahul-trei-localitati-se-unesc-intro-singura-primarie-cu-un-stimulent-de-16-milioane-de-lei-din-partea-guvernului---226237.html,5. Adopted,5. Adopted,,5. Adopted,https://radiochisinau.md/amalgamare-voluntara-la-cahul-trei-localitati-se-unesc-intro-singura-primarie-cu-un-stimulent-de-16-milioane-de-lei-din-partea-guvernului---226237.html
Cahul,Borceag,8718,1. < 1500,-22.6%,"1,001",TRUE,FALSE,FALSE,FALSE,1. Initiated,https://actelocale.gov.md/ral/act/cu-privire-la-revizuirea-deciziei-nr-0114-din-18022026-cu-privire-la-inițierea-procesului-de-amalgamare-voluntară-2292329.html,1. Initiated,https://actelocale.gov.md/ral/act/cu-privire-la-revizuirea-deciziei-nr-0114-din-18022026-cu-privire-la-inițierea-procesului-de-amalgamare-voluntară-2292329.html
Cahul,Brînza,9411,1. < 1500,-34.3%,"1,398",TRUE,FALSE,FALSE,FALSE,3. Draft Consultation,https://actelocale.gov.md/ral/act/privind-consultarea-proiectului-de-decizie-cu-privire-la-amalgamarea-voluntară-a-unităților-administrativ-teritoriale-svăleni-și-sbrînza-2273957.html,3. Draft Consultation,https://actelocale.gov.md/ral/act/privind-consultarea-proiectului-de-decizie-cu-privire-la-amalgamarea-voluntară-a-unităților-administrativ-teritoriale-svăleni-și-sbrînza-2273957.html
Cahul,Bucuria,1714,1. < 1500,-36.1%,383,TRUE,FALSE,FALSE,FALSE,,,0. Unclear or Not Initiated,0. Not Checked
Cahul,Burlăceni,9412,1. < 1500,-27.3%,"1,228",TRUE,FALSE,FALSE,FALSE,,,0. Unclear or Not Initiated,0. Not Checked
Cahul,Burlacu,1716,1. < 1500,-34.7%,"1,172",TRUE,FALSE,FALSE,FALSE,1. Initiated,https://actelocale.gov.md/ral/act/cu-privire-la-inițierea-procesului-de-amalgamare-voluntară-2268836.html,1. Initiated,https://actelocale.gov.md/ral/act/cu-privire-la-inițierea-procesului-de-amalgamare-voluntară-2268836.html
Cahul,Cahul,1701,5. > 10K,-26.0%,"22,223",TRUE,FALSE,FALSE,FALSE,,,0. Unclear or Not Initiated,0. Not Checked
Cahul,Chioselia Mare,1718,1. < 1500,-28.1%,"1,074",TRUE,FALSE,FALSE,FALSE,,,0. Unclear or Not Initiated,0. Not Checked
Cahul,Cîşliţa-Prut,9415,1. < 1500,-26.4%,812,TRUE,9415,https://raw.githubusercontent.com/frank0051/Moldova-Primarii-Puternice-Dashboard/refs/heads/main/Other%20Sources/Cahul-01.txt,5. Adopted,5. Adopted,,5. Adopted,https://raw.githubusercontent.com/frank0051/Moldova-Primarii-Puternice-Dashboard/refs/heads/main/Other%20Sources/Cahul-01.txt
Cahul,Colibași,9416,3. 3K - 5K,-43.2%,"3,053",TRUE,FALSE,FALSE,FALSE,3. Draft Consultation,https://actelocale.gov.md/ral/act/cu-privire-la-consultarea-proiectului-de-decizie-cu-privire-la-amalgamarea-voluntară-a-unităților-administrativ-teritoriale-scolibași-și-svadul-lui-isac-2274468.html,3. Draft Consultation,https://actelocale.gov.md/ral/act/cu-privire-la-consultarea-proiectului-de-decizie-cu-privire-la-amalgamarea-voluntară-a-unităților-administrativ-teritoriale-scolibași-și-svadul-lui-isac-2274468.html
Cahul,Crihana Veche,1720,3. 3K - 5K,-28.3%,"3,654",TRUE,FALSE,FALSE,FALSE,1. Initiated,https://actelocale.gov.md/ral/act/cu-privire-la-inițierea-procesului-de-amalgamare-voluntară-a-unităților-administrativ-teritoriale-2261286.html,1. Initiated,https://actelocale.gov.md/ral/act/cu-privire-la-inițierea-procesului-de-amalgamare-voluntară-a-unităților-administrativ-teritoriale-2261286.html
Cahul,Cucoara,1721,1. < 1500,-36.2%,"1,086",TRUE,1721,https://radiochisinau.md/amalgamare-voluntara-la-cahul-trei-localitati-se-unesc-intro-singura-primarie-cu-un-stimulent-de-16-milioane-de-lei-din-partea-guvernului---226237.html,5. Adopted,,,5. Adopted,https://radiochisinau.md/amalgamare-voluntara-la-cahul-trei-localitati-se-unesc-intro-singura-primarie-cu-un-stimulent-de-16-milioane-de-lei-din-partea-guvernului---226237.html
Cahul,Doina,2130,1. < 1500,-29.5%,"1,072",TRUE,FALSE,FALSE,FALSE,1. Initiated,https://actelocale.gov.md/ral/act/cu-privire-la-inițierea-procesuluide-amalgamare-voluntară-2255218.html,1. Initiated,https://actelocale.gov.md/ral/act/cu-privire-la-inițierea-procesuluide-amalgamare-voluntară-2255218.html
Cahul,Găvănoasa,9417,2. 1.5K - 3K,-27.6%,"1,529",TRUE,FALSE,FALSE,FALSE,1. Initiated,https://actelocale.gov.md/ral/act/cu-privire-la-inițierea-procesului-de-amalgamare-voluntară-2230048.html,1. Initiated,https://actelocale.gov.md/ral/act/cu-privire-la-inițierea-procesului-de-amalgamare-voluntară-2230048.html
Cahul,Giurgiulești,9420,2. 1.5K - 3K,-32.4%,"1,936",TRUE,FALSE,FALSE,FALSE,,,0. Unclear or Not Initiated,0. Not Checked
Cahul,Huluboaia,1724,1. < 1500,-18.8%,645,TRUE,FALSE,FALSE,FALSE,,,0. Unclear or Not Initiated,0. Not Checked
Cahul,Iujnoe,9421,1. < 1500,-40.3%,422,TRUE,FALSE,FALSE,FALSE,1. Initiated,https://actelocale.gov.md/ral/act/cu-privire-la-modificarea-deciziei-nr-05-06-din-29-aprilie-2026-cu-privire-la-inițierea-procesului-de-amalgamare-voluntară-2291450.html,1. Initiated,https://actelocale.gov.md/ral/act/cu-privire-la-modificarea-deciziei-nr-05-06-din-29-aprilie-2026-cu-privire-la-inițierea-procesului-de-amalgamare-voluntară-2291450.html
Cahul,Larga Nouă,1725,1. < 1500,-35.1%,958,TRUE,FALSE,FALSE,FALSE,1. Initiated,https://actelocale.gov.md/ral/act/cu-privire-la-initierea-procesului-de-amalgamare-voluntara-2247193.html,1. Initiated,https://actelocale.gov.md/ral/act/cu-privire-la-initierea-procesului-de-amalgamare-voluntara-2247193.html
Cahul,Lebedenco,1727,2. 1.5K - 3K,-23.7%,"1,656",TRUE,FALSE,FALSE,FALSE,1. Initiated,https://actelocale.gov.md/ral/act/cu-privire-la-inițierea-procesului-de-amalgamare-voluntară-2271869.html,1. Initiated,https://actelocale.gov.md/ral/act/cu-privire-la-inițierea-procesului-de-amalgamare-voluntară-2271869.html
Cahul,Lopăţica,1730,1. < 1500,-30.9%,396,TRUE,FALSE,FALSE,FALSE,1. Initiated,https://actelocale.gov.md/ral/act/cu-privire-la-inițierea-procesului-de-amalgamare-voluntară-2270253.html,1. Initiated,https://actelocale.gov.md/ral/act/cu-privire-la-inițierea-procesului-de-amalgamare-voluntară-2270253.html
Cahul,Lucești,1731,1. < 1500,-15.7%,425,TRUE,FALSE,FALSE,FALSE,5. Adopted,https://actelocale.gov.md/ral/act/cu-privire-la-inițierea-procesului-de-amalgamare-voluntară-a-unitățiloradministrativ-teritoriale-2277138.html,5. Adopted,https://actelocale.gov.md/ral/act/cu-privire-la-inițierea-procesului-de-amalgamare-voluntară-a-unitățiloradministrativ-teritoriale-2277138.html
Cahul,Manta,1732,2. 1.5K - 3K,-34.3%,"2,524",TRUE,FALSE,FALSE,FALSE,,,0. Unclear or Not Initiated,0. Not Checked
Cahul,Moscovei,1734,2. 1.5K - 3K,-26.3%,"2,038",TRUE,FALSE,FALSE,FALSE,1. Initiated,https://actelocale.gov.md/ral/act/cu-privire-la-inițierea-procesului-de-amalgamare-voluntară-a-unităților-administrativ-teritoriale-2268883.html,1. Initiated,https://actelocale.gov.md/ral/act/cu-privire-la-inițierea-procesului-de-amalgamare-voluntară-a-unităților-administrativ-teritoriale-2268883.html
Cahul,Pelinei,1736,1. < 1500,-34.3%,"1,435",TRUE,FALSE,FALSE,FALSE,1. Initiated,https://actelocale.gov.md/ral/act/cu-privire-la-inițierea-procesului-de-amalgamare-voluntară-2262992.html,1. Initiated,https://actelocale.gov.md/ral/act/cu-privire-la-inițierea-procesului-de-amalgamare-voluntară-2262992.html
Cahul,Roșu,1738,2. 1.5K - 3K,-27.0%,"2,287",TRUE,FALSE,FALSE,FALSE,5. Adopted,https://actelocale.gov.md/ral/act/cu-privire-la-amalgamarea-voluntară-a-unităților-administrativ-teritoriale-a-s-roșu-s-andrușul-de-jos-și-andrușul-de-sus-r-nul-cahul-2303319.html,5. Adopted,https://actelocale.gov.md/ral/act/cu-privire-la-amalgamarea-voluntară-a-unităților-administrativ-teritoriale-a-s-roșu-s-andrușul-de-jos-și-andrușul-de-sus-r-nul-cahul-2303319.html
Cahul,Slobozia Mare,9422,3. 3K - 5K,-36.9%,"3,580",TRUE,9422,https://raw.githubusercontent.com/frank0051/Moldova-Primarii-Puternice-Dashboard/refs/heads/main/Other%20Sources/Cahul-01.txt,5. Adopted,5. Adopted,,5. Adopted,https://raw.githubusercontent.com/frank0051/Moldova-Primarii-Puternice-Dashboard/refs/heads/main/Other%20Sources/Cahul-01.txt
Cahul,Taraclia de Salcie,1739,1. < 1500,-36.6%,966,TRUE,FALSE,FALSE,FALSE,1. Initiated,https://actelocale.gov.md/ral/act/cu-privire-la-inițierea-procesului-de-amalgamare-voluntară-2267762.html,1. Initiated,https://actelocale.gov.md/ral/act/cu-privire-la-inițierea-procesului-de-amalgamare-voluntară-2267762.html
Cahul,Tartaul de Salcie,1740,1. < 1500,-33.5%,633,TRUE,FALSE,FALSE,FALSE,,,0. Unclear or Not Initiated,0. Not Checked
Cahul,Tătărești,1741,1. < 1500,-33.5%,"1,118",TRUE,FALSE,FALSE,FALSE,,,0. Unclear or Not Initiated,0. Not Checked
Cahul,Vadul lui Isac,9423,1. < 1500,-43.3%,"1,437",TRUE,FALSE,FALSE,FALSE,,,0. Unclear or Not Initiated,0. Not Checked
Cahul,Văleni,9424,2. 1.5K - 3K,-35.2%,"1,956",TRUE,FALSE,FALSE,FALSE,5. Adopted,https://www.facebook.com/primar.or/videos/924493937343444,5. Adopted,https://www.facebook.com/primar.or/videos/924493937343444
Cahul,Zîrnești,1742,2. 1.5K - 3K,-29.9%,"1,544",TRUE,1742,https://radiochisinau.md/amalgamare-voluntara-la-cahul-trei-localitati-se-unesc-intro-singura-primarie-cu-un-stimulent-de-16-milioane-de-lei-din-partea-guvernului---226237.html,5. Adopted,5. Adopted,,5. Adopted,https://radiochisinau.md/amalgamare-voluntara-la-cahul-trei-localitati-se-unesc-intro-singura-primarie-cu-un-stimulent-de-16-milioane-de-lei-din-partea-guvernului---226237.html
Călărași,Bahmut,2511,1. < 1500,-32.9%,"1,121",TRUE,FALSE,FALSE,FALSE,1. Initiated,https://actelocale.gov.md/ral/act/cu-privire-la-examinarea-propunerii-de-inițiere-a-procesului-de-amalgamare-voluntară-2287995.html,1. Initiated,https://actelocale.gov.md/ral/act/cu-privire-la-examinarea-propunerii-de-inițiere-a-procesului-de-amalgamare-voluntară-2287995.html
Călărași,Bravicea,2513,2. 1.5K - 3K,-33.5%,"2,069",TRUE,FALSE,FALSE,FALSE,,,0. Unclear or Not Initiated,0. Not Checked
Călărași,Buda,2514,1. < 1500,-21.8%,772,TRUE,FALSE,FALSE,FALSE,,,0. Unclear or Not Initiated,0. Not Checked
Călărași,Căbăiești,2516,1. < 1500,-43.4%,526,TRUE,FALSE,FALSE,FALSE,1. Initiated,https://actelocale.gov.md/ral/act/cu-privire-la-inițierea-procesului-de-amalgamare-voluntară-2278258.html,1. Initiated,https://actelocale.gov.md/ral/act/cu-privire-la-inițierea-procesului-de-amalgamare-voluntară-2278258.html
Călărași,Călărași,2501,4. 5K - 10K,-12.4%,"9,469",TRUE,FALSE,FALSE,FALSE,,,0. Unclear or Not Initiated,0. Not Checked
Călărași,Dereneu,2517,1. < 1500,-43.3%,738,TRUE,FALSE,FALSE,FALSE,1. Initiated,https://actelocale.gov.md/ral/act/cu-privire-la-inițierea-procesului-de-amalgamare-voluntară-2278228.html,1. Initiated,https://actelocale.gov.md/ral/act/cu-privire-la-inițierea-procesului-de-amalgamare-voluntară-2278228.html
Călărași,Frumoasa,2520,1. < 1500,-33.1%,408,TRUE,FALSE,FALSE,FALSE,1. Initiated,https://actelocale.gov.md/ral/act/privitor-la-modificarea-parțială-a-deciziei-nr-0301-din-23042026-cu-privire-la-inițierea-procesului-de-amalgamare-voluntară-2277425.html,1. Initiated,https://actelocale.gov.md/ral/act/privitor-la-modificarea-parțială-a-deciziei-nr-0301-din-23042026-cu-privire-la-inițierea-procesului-de-amalgamare-voluntară-2277425.html
Călărași,Hîrjauca,2522,2. 1.5K - 3K,-27.0%,"1,829",TRUE,FALSE,FALSE,FALSE,1. Initiated,https://actelocale.gov.md/ral/act/cu-privire-la-inițierea-procesului-de-amalgamare-voluntară-2272507.html,1. Initiated,https://actelocale.gov.md/ral/act/cu-privire-la-inițierea-procesului-de-amalgamare-voluntară-2272507.html
Călărași,Hirova,2521,1. < 1500,-36.5%,780,TRUE,FALSE,FALSE,FALSE,1. Initiated,https://actelocale.gov.md/ral/act/cu-privire-la-inițierea-procesului-de-amalgamare-voluntară-2247244.html,1. Initiated,https://actelocale.gov.md/ral/act/cu-privire-la-inițierea-procesului-de-amalgamare-voluntară-2247244.html
Călărași,Hoginești,2526,1. < 1500,-27.1%,"1,146",TRUE,FALSE,FALSE,FALSE,1. Initiated,https://actelocale.gov.md/ral/act/cu-privire-la-modificarea-deciziei-0301-din-24042026-cu-privire-la-inițierea-procesului-de-amalgamare-voluntară-2279967.html,1. Initiated,https://actelocale.gov.md/ral/act/cu-privire-la-modificarea-deciziei-0301-din-24042026-cu-privire-la-inițierea-procesului-de-amalgamare-voluntară-2279967.html
Călărași,Horodiște,2527,2. 1.5K - 3K,-32.1%,"1,619",TRUE,FALSE,FALSE,FALSE,1. Initiated,https://actelocale.gov.md/ral/act/cu-privire-la-inițierea-procesjului-de-amalgamare-voluntară-2285498.html,1. Initiated,https://actelocale.gov.md/ral/act/cu-privire-la-inițierea-procesjului-de-amalgamare-voluntară-2285498.html
Călărași,Meleșeni,2528,1. < 1500,-40.9%,932,TRUE,FALSE,FALSE,FALSE,1. Initiated,https://actelocale.gov.md/ral/act/cu-privire-la-modificarea-deciziei-nr0202-din15052026-cu-privire-la-inițierea-procesului-de-amalgamare-voluntară-2281423.html,1. Initiated,https://actelocale.gov.md/ral/act/cu-privire-la-modificarea-deciziei-nr0202-din15052026-cu-privire-la-inițierea-procesului-de-amalgamare-voluntară-2281423.html
Călărași,Nișcani,2529,1. < 1500,-30.9%,"1,021",TRUE,FALSE,FALSE,FALSE,1. Initiated,https://actelocale.gov.md/ral/act/cu-privire-la-modificarea-deciziei-consiliului-local-nișcani-nr-0204-din-27032026-cu-privire-la-inițierea-procesului-de-amalgamare-voluntară-2277144.html,1. Initiated,https://actelocale.gov.md/ral/act/cu-privire-la-modificarea-deciziei-consiliului-local-nișcani-nr-0204-din-27032026-cu-privire-la-inițierea-procesului-de-amalgamare-voluntară-2277144.html
Călărași,Onișcani,2530,1. < 1500,-46.1%,969,TRUE,FALSE,FALSE,FALSE,1. Initiated,https://actelocale.gov.md/ral/act/cu-privire-la-inițierea-procesului-de-amalgamare-voluntară-2249178.html,1. Initiated,https://actelocale.gov.md/ral/act/cu-privire-la-inițierea-procesului-de-amalgamare-voluntară-2249178.html
Călărași,Păulești,2533,1. < 1500,-35.1%,547,TRUE,FALSE,FALSE,FALSE,1. Initiated,https://actelocale.gov.md/ral/act/cu-privire-la-modificarea-deciziei-nr0208-din-15042026-cu-privire-la-inițierea-procesului-de-amalgamare-voluntară-2278634.html,1. Initiated,https://actelocale.gov.md/ral/act/cu-privire-la-modificarea-deciziei-nr0208-din-15042026-cu-privire-la-inițierea-procesului-de-amalgamare-voluntară-2278634.html
Călărași,Peticeni,2546,1. < 1500,-26.0%,820,TRUE,FALSE,FALSE,FALSE,1. Initiated,https://actelocale.gov.md/ral/act/cu-privire-la-modificarea-deciziei-nr-0301-din-13032026-cu-privire-la-inițierea-procesului-de-amalgamare-voluntară-2280899.html,1. Initiated,https://actelocale.gov.md/ral/act/cu-privire-la-modificarea-deciziei-nr-0301-din-13032026-cu-privire-la-inițierea-procesului-de-amalgamare-voluntară-2280899.html
Călărași,Pîrjolteni,2535,1. < 1500,-40.3%,932,TRUE,FALSE,FALSE,FALSE,,,0. Unclear or Not Initiated,0. Not Checked
Călărași,Pitușca,2534,2. 1.5K - 3K,-36.6%,"1,796",TRUE,FALSE,FALSE,FALSE,,,0. Unclear or Not Initiated,0. Not Checked
Călărași,Răciula,2536,1. < 1500,-36.8%,"1,433",TRUE,FALSE,FALSE,FALSE,1. Initiated,https://actelocale.gov.md/ral/act/referitor-la-modificarea-deciziei-consiliului-comunal-răciula-nr-0301-din-22042026-cu-privire-la-inițierea-procesului-de-amalgamare-voluntară-2277693.html,1. Initiated,https://actelocale.gov.md/ral/act/referitor-la-modificarea-deciziei-consiliului-comunal-răciula-nr-0301-din-22042026-cu-privire-la-inițierea-procesului-de-amalgamare-voluntară-2277693.html
Călărași,Rădeni,2538,1. < 1500,-42.9%,868,TRUE,FALSE,FALSE,FALSE,1. Initiated,https://actelocale.gov.md/ral/act/cu-privire-la-inițierea-procesului-de-amalgamare-voluntară-2241820.html,1. Initiated,https://actelocale.gov.md/ral/act/cu-privire-la-inițierea-procesului-de-amalgamare-voluntară-2241820.html
Călărași,Sadova,2539,1. < 1500,-35.1%,"1,422",TRUE,FALSE,FALSE,FALSE,1. Initiated,https://actelocale.gov.md/ral/act/cu-privire-la-modificarea-deciziei-0302-din-29042026-cu-privire-la-inițierea-procesului-de-amalgamare-voluntară-2278842.html,1. Initiated,https://actelocale.gov.md/ral/act/cu-privire-la-modificarea-deciziei-0302-din-29042026-cu-privire-la-inițierea-procesului-de-amalgamare-voluntară-2278842.html
Călărași,Săseni,2540,1. < 1500,-42.0%,"1,304",TRUE,FALSE,FALSE,FALSE,1. Initiated,https://actelocale.gov.md/ral/act/cu-privire-la-modificarea-deciziei-nr-0401-din-22052026-cu-privire-la-inițierea-procesului-de-amalgamare-voluntară-2286831.html,1. Initiated,https://actelocale.gov.md/ral/act/cu-privire-la-modificarea-deciziei-nr-0401-din-22052026-cu-privire-la-inițierea-procesului-de-amalgamare-voluntară-2286831.html
Călărași,Sipoteni,2541,3. 3K - 5K,-34.4%,"4,491",TRUE,FALSE,FALSE,FALSE,1. Initiated,https://actelocale.gov.md/ral/act/cu-privire-la-inițierea-procesului-de-amalgamare-voluntară-2263099.html,1. Initiated,https://actelocale.gov.md/ral/act/cu-privire-la-inițierea-procesului-de-amalgamare-voluntară-2263099.html
Călărași,Temeleuți,2543,1. < 1500,-43.4%,783,TRUE,FALSE,FALSE,FALSE,,,0. Unclear or Not Initiated,0. Not Checked
Călărași,Ţibirica,2548,1. < 1500,-32.0%,"1,474",TRUE,FALSE,FALSE,FALSE,1. Initiated,https://actelocale.gov.md/ral/act/cu-privire-la-modificarea-deciziei-nr0401-din-04062026-cu-privire-la-inițierea-procesului-de-amalgamare-voluntară-2277120.html,1. Initiated,https://actelocale.gov.md/ral/act/cu-privire-la-modificarea-deciziei-nr0401-din-04062026-cu-privire-la-inițierea-procesului-de-amalgamare-voluntară-2277120.html
Călărași,Tuzara,2544,2. 1.5K - 3K,-30.5%,"1,706",TRUE,FALSE,FALSE,FALSE,1. Initiated,https://actelocale.gov.md/ral/act/cu-privire-la-modificarea-deciziei-consiliului-comunal-tuzara-nr-0306-din-29042026-cu-privire-la-inițierea-procesului-de-amalgamare-voluntară-2280018.html,1. Initiated,https://actelocale.gov.md/ral/act/cu-privire-la-modificarea-deciziei-consiliului-comunal-tuzara-nr-0306-din-29042026-cu-privire-la-inițierea-procesului-de-amalgamare-voluntară-2280018.html
Călărași,Vălcineț,2549,2. 1.5K - 3K,-42.6%,"2,118",TRUE,FALSE,FALSE,FALSE,,,0. Unclear or Not Initiated,0. Not Checked
Călărași,Vărzăreștii Noi,2550,1. < 1500,-41.7%,771,TRUE,FALSE,FALSE,FALSE,1. Initiated,https://actelocale.gov.md/ral/act/cu-privire-la-inițierea-procesului-de-amalgamare-voluntară-2245006.html,1. Initiated,https://actelocale.gov.md/ral/act/cu-privire-la-inițierea-procesului-de-amalgamare-voluntară-2245006.html
Cantemir,Antonești,2110,1. < 1500,-35.5%,948,TRUE,FALSE,FALSE,FALSE,,,0. Unclear or Not Initiated,0. Not Checked
Cantemir,Baimaclia,2112,2. 1.5K - 3K,-29.4%,"1,871",TRUE,FALSE,FALSE,FALSE,,,0. Unclear or Not Initiated,0. Not Checked
Cantemir,Cania,2114,2. 1.5K - 3K,-37.9%,"1,971",TRUE,FALSE,FALSE,FALSE,,,0. Unclear or Not Initiated,0. Not Checked
Cantemir,Cantemir,2101,2. 1.5K - 3K,-22.6%,"2,655",TRUE,FALSE,FALSE,FALSE,3. Draft Consultation,https://actelocale.gov.md/ral/act/cu-privire-la-inițierea-consultărilor-publice-asupra-proiectului-de-decizie-cu-privire-la-amalgamarea-voluntară-a-unităților-administrativ-teritorialecantemir-antonești-toceni-plopi-porumbești-și-stoianovca-2277504.html,3. Draft Consultation,https://actelocale.gov.md/ral/act/cu-privire-la-inițierea-consultărilor-publice-asupra-proiectului-de-decizie-cu-privire-la-amalgamarea-voluntară-a-unităților-administrativ-teritorialecantemir-antonești-toceni-plopi-porumbești-și-stoianovca-2277504.html
Cantemir,Capaclia,2116,1. < 1500,-36.6%,999,TRUE,FALSE,FALSE,FALSE,1. Initiated,https://actelocale.gov.md/ral/act/cu-privire-la-inițierea-procesului-de-amalgamare-voluntară-2243119.html,1. Initiated,https://actelocale.gov.md/ral/act/cu-privire-la-inițierea-procesului-de-amalgamare-voluntară-2243119.html
Cantemir,Chioselia,2117,1. < 1500,-24.3%,"1,361",TRUE,FALSE,FALSE,FALSE,,,0. Unclear or Not Initiated,0. Not Checked
Cantemir,Cîietu,2122,1. < 1500,-36.3%,772,TRUE,FALSE,FALSE,FALSE,,,0. Unclear or Not Initiated,0. Not Checked
Cantemir,Ciobalaccia,2119,2. 1.5K - 3K,-40.6%,"1,791",TRUE,FALSE,FALSE,FALSE,5. Adopted,https://actelocale.gov.md/ral/act/cu-privire-la-amalgamarea-voluntară-a-unităților-administrativ-teritoriale-comuna-ciobalaccia-comuna-lingura-satul-tartaul-raionul-cantemir-2302331.html,5. Adopted,https://actelocale.gov.md/ral/act/cu-privire-la-amalgamarea-voluntară-a-unităților-administrativ-teritoriale-comuna-ciobalaccia-comuna-lingura-satul-tartaul-raionul-cantemir-2302331.html
Cantemir,Cîrpești,2124,1. < 1500,-42.1%,"1,257",TRUE,FALSE,FALSE,FALSE,,,0. Unclear or Not Initiated,0. Not Checked
Cantemir,Cîşla,2125,1. < 1500,-38.9%,392,TRUE,FALSE,FALSE,FALSE,1. Initiated,https://actelocale.gov.md/ral/act/cu-privire-la-inițierea-procesului-de-amalgamare-voluntară-2247871.html,1. Initiated,https://actelocale.gov.md/ral/act/cu-privire-la-inițierea-procesului-de-amalgamare-voluntară-2247871.html
Cantemir,Cociulia,2128,2. 1.5K - 3K,-36.5%,"1,797",TRUE,FALSE,FALSE,FALSE,,,0. Unclear or Not Initiated,0. Not Checked
Cantemir,Coştangalia,2129,1. < 1500,-30.9%,608,TRUE,FALSE,FALSE,FALSE,,,0. Unclear or Not Initiated,0. Not Checked
Cantemir,Enichioi,2132,1. < 1500,-27.8%,"1,283",TRUE,FALSE,FALSE,FALSE,,,0. Unclear or Not Initiated,0. Not Checked
Cantemir,Gotești,2136,2. 1.5K - 3K,-38.4%,"2,520",TRUE,FALSE,FALSE,FALSE,1. Initiated,https://actelocale.gov.md/ral/act/cu-privire-la-inițierea-procesului-de-amalgamare-voluntară-2241705.html,1. Initiated,https://actelocale.gov.md/ral/act/cu-privire-la-inițierea-procesului-de-amalgamare-voluntară-2241705.html
Cantemir,Haragîş,2137,1. < 1500,-36.6%,517,TRUE,FALSE,FALSE,FALSE,,,0. Unclear or Not Initiated,0. Not Checked
Cantemir,Lărguța,2138,1. < 1500,-49.8%,"1,301",TRUE,FALSE,FALSE,FALSE,1. Initiated,https://actelocale.gov.md/ral/act/cu-privire-la-inițierea-procesului-de-amalgamare-voluntară-2292870.html,1. Initiated,https://actelocale.gov.md/ral/act/cu-privire-la-inițierea-procesului-de-amalgamare-voluntară-2292870.html
Cantemir,Lingura,2139,1. < 1500,-37.3%,913,TRUE,FALSE,FALSE,FALSE,3. Draft Consultation,https://actelocale.gov.md/ral/act/cu-privire-la-inițierea-procedurii-de-consultare-publică-a-proiectului-de-decizie-cu-privire-la-amalgamarea-voluntară-a-unităților-administrativ-teritoriale-comuna-lingura-comuna-ciobalaccia-și-satului-tartaul-raionul-cantemir-2277404.html,3. Draft Consultation,https://actelocale.gov.md/ral/act/cu-privire-la-inițierea-procedurii-de-consultare-publică-a-proiectului-de-decizie-cu-privire-la-amalgamarea-voluntară-a-unităților-administrativ-teritoriale-comuna-lingura-comuna-ciobalaccia-și-satului-tartaul-raionul-cantemir-2277404.html
Cantemir,Pleșeni,2142,2. 1.5K - 3K,-41.0%,"1,713",TRUE,FALSE,FALSE,FALSE,1. Initiated,https://actelocale.gov.md/ral/act/cu-privire-la-inițierea-procesului-de-amalgamare-voluntară-2301696.html,1. Initiated,https://actelocale.gov.md/ral/act/cu-privire-la-inițierea-procesului-de-amalgamare-voluntară-2301696.html
Cantemir,Plopi,2145,1. < 1500,-45.5%,754,TRUE,FALSE,FALSE,FALSE,1. Initiated,https://actelocale.gov.md/ral/act/cu-privire-la-inițierea-procedurii-de-consultări-publice-asupra-proiectului-de-decizie-cu-privire-la-amalgamarea-voluntară-a-unităților-administrativ-teritorialecomuna-plopi-orașul-cantemir-comunele-antonești-toceni-satele-porumbești-și-stoianovca-2277950.html,1. Initiated,https://actelocale.gov.md/ral/act/cu-privire-la-inițierea-procedurii-de-consultări-publice-asupra-proiectului-de-decizie-cu-privire-la-amalgamarea-voluntară-a-unităților-administrativ-teritorialecomuna-plopi-orașul-cantemir-comunele-antonești-toceni-satele-porumbești-și-stoianovca-2277950.html
Cantemir,Porumbești,2149,1. < 1500,-28.4%,"1,006",TRUE,FALSE,FALSE,FALSE,3. Draft Consultation,https://actelocale.gov.md/ral/act/cu-privire-la-inițierea-consultărilor-publice-asupra-proiectului-de-decizie-cu-privire-la-amalgamarea-voluntară-a-unităților-administrativ-teritorialeorașul-cantemir-comuna-antonești-comuna-toceni-comuna-plopi-satul-porumbești-și-satul-stoianovca-2277733.html,3. Draft Consultation,https://actelocale.gov.md/ral/act/cu-privire-la-inițierea-consultărilor-publice-asupra-proiectului-de-decizie-cu-privire-la-amalgamarea-voluntară-a-unităților-administrativ-teritorialeorașul-cantemir-comuna-antonești-comuna-toceni-comuna-plopi-satul-porumbești-și-satul-stoianovca-2277733.html
Cantemir,Sadîc,2152,1. < 1500,-37.5%,"1,271",TRUE,FALSE,FALSE,FALSE,,,0. Unclear or Not Initiated,0. Not Checked
Cantemir,Şamalia,2155,1. < 1500,-48.4%,395,TRUE,FALSE,FALSE,FALSE,4. Final Meeting Scheduled,https://actelocale.gov.md/ral/act/cu-privire-la-convocarea-în-ședință-extraordinară-a-consiliului-local-Șamalia-2298881.html,4. Final Meeting Scheduled,https://actelocale.gov.md/ral/act/cu-privire-la-convocarea-în-ședință-extraordinară-a-consiliului-local-Șamalia-2298881.html
Cantemir,Stoianovca,2154,1. < 1500,-38.2%,736,TRUE,FALSE,FALSE,FALSE,,,0. Unclear or Not Initiated,0. Not Checked
Cantemir,Tartaul,2156,1. < 1500,-32.0%,"1,249",TRUE,FALSE,FALSE,FALSE,5. Adopted,https://actelocale.gov.md/ral/act/cu-privire-la-amalgamarea-voluntară-a-unităților-administrativ-teritoriale-satul-tartaul-comuna-ciobalaccia-și-comuna-lingura-raionul-cantemir-2302245.html,5. Adopted,https://actelocale.gov.md/ral/act/cu-privire-la-amalgamarea-voluntară-a-unităților-administrativ-teritoriale-satul-tartaul-comuna-ciobalaccia-și-comuna-lingura-raionul-cantemir-2302245.html
Cantemir,Țiganca,2158,1. < 1500,-42.7%,"1,487",TRUE,FALSE,FALSE,FALSE,3. Draft Consultation,https://actelocale.gov.md/ral/act/cu-privire-la-organizarea-consultărilor-publice-prin-metoda-sondajului-de-opinie-privind-amalgamarea-voluntară-2282713.html,3. Draft Consultation,https://actelocale.gov.md/ral/act/cu-privire-la-organizarea-consultărilor-publice-prin-metoda-sondajului-de-opinie-privind-amalgamarea-voluntară-2282713.html
Cantemir,Toceni,2157,1. < 1500,-39.9%,663,TRUE,FALSE,FALSE,FALSE,1. Initiated,https://actelocale.gov.md/ral/act/cu-privire-la-inițierea-consultărilor-publice-asupra-proiectului-de-deciziecu-privire-la-amalgamarea-voluntară-a-unităților-administrativ-teritoriale-toceni-cantemir-antonești-plopi-porumbești-și-stoianovca-2277745.html,1. Initiated,https://actelocale.gov.md/ral/act/cu-privire-la-inițierea-consultărilor-publice-asupra-proiectului-de-deciziecu-privire-la-amalgamarea-voluntară-a-unităților-administrativ-teritoriale-toceni-cantemir-antonești-plopi-porumbești-și-stoianovca-2277745.html
Cantemir,Vişniovca,2161,1. < 1500,-28.2%,951,TRUE,FALSE,FALSE,FALSE,,,0. Unclear or Not Initiated,0. Not Checked
Căușeni,Baccealia,2710,1. < 1500,-37.0%,"1,315",TRUE,FALSE,FALSE,FALSE,,,0. Unclear or Not Initiated,0. Not Checked
Căușeni,Baimaclia,2310,1. < 1500,-34.5%,"1,445",TRUE,FALSE,FALSE,FALSE,2. Working Group,https://actelocale.gov.md/ral/act/cu-privire-la-aprobarea-propunerii-de-solicitare-a-transferuluicu-destinație-specială-pentru-pregătirea-procesului-de-amalgamare-voluntară-2285471.html,2. Working Group,https://actelocale.gov.md/ral/act/cu-privire-la-aprobarea-propunerii-de-solicitare-a-transferuluicu-destinație-specială-pentru-pregătirea-procesului-de-amalgamare-voluntară-2285471.html
Căușeni,Căinari,2301,2. 1.5K - 3K,-43.9%,"2,135",TRUE,FALSE,FALSE,FALSE,1. Initiated,https://actelocale.gov.md/ral/act/cu-privire-la-inițierea-procesului-de-amalgamare-voluntară-2257516.html,1. Initiated,https://actelocale.gov.md/ral/act/cu-privire-la-inițierea-procesului-de-amalgamare-voluntară-2257516.html
Căușeni,Căușeni,2701,5. > 10K,-15.6%,"13,458",TRUE,FALSE,FALSE,FALSE,,,0. Unclear or Not Initiated,0. Not Checked
Căușeni,Chircăiești,2712,2. 1.5K - 3K,-36.9%,"1,904",TRUE,FALSE,FALSE,FALSE,1. Initiated,https://actelocale.gov.md/ral/act/cu-privire-la-inițierea-procesului-de-amalgamare-voluntară-2250388.html,1. Initiated,https://actelocale.gov.md/ral/act/cu-privire-la-inițierea-procesului-de-amalgamare-voluntară-2250388.html
Căușeni,Chircăieștii Noi,2314,1. < 1500,-39.7%,939,TRUE,FALSE,FALSE,FALSE,,,0. Unclear or Not Initiated,0. Not Checked
Căușeni,Cîrnățeni,2713,2. 1.5K - 3K,-28.4%,"1,961",TRUE,FALSE,FALSE,FALSE,1. Initiated,https://actelocale.gov.md/ral/act/cu-privire-la-inițierea-procesului-de-amalgamare-voluntară-2240564.html,1. Initiated,https://actelocale.gov.md/ral/act/cu-privire-la-inițierea-procesului-de-amalgamare-voluntară-2240564.html
Căușeni,Cîrnățenii Noi,2318,1. < 1500,-29.2%,"1,022",TRUE,FALSE,FALSE,FALSE,,,0. Unclear or Not Initiated,0. Not Checked
Căușeni,Ciuflești,2317,1. < 1500,-33.4%,655,TRUE,FALSE,FALSE,FALSE,1. Initiated,https://actelocale.gov.md/ral/act/cu-privire-la-inițierea-procesului-de-amalgamare-voluntară-2236317.html,1. Initiated,https://actelocale.gov.md/ral/act/cu-privire-la-inițierea-procesului-de-amalgamare-voluntară-2236317.html
Căușeni,Copanca,7616,2. 1.5K - 3K,-42.6%,"2,688",TRUE,FALSE,FALSE,FALSE,3. Draft Consultation,https://actelocale.gov.md/ral/act/cu-privire-la-desfăşurarea-consultarilor-publice-asupra-proiectuluide-decizie-cu-privire-la-amalgamarea-voluntară-a-uat-copancaplop-Ştiubei-şi-com-crădiniţa-2291556.html,3. Draft Consultation,https://actelocale.gov.md/ral/act/cu-privire-la-desfăşurarea-consultarilor-publice-asupra-proiectuluide-decizie-cu-privire-la-amalgamarea-voluntară-a-uat-copancaplop-Ştiubei-şi-com-crădiniţa-2291556.html
Căușeni,Coșcalia,2323,1. < 1500,-30.0%,"1,366",TRUE,FALSE,FALSE,FALSE,1. Initiated,https://actelocale.gov.md/ral/act/ci-privire-la-inițierea-procesului-de-amalgamare-voluntară-2252362.html,1. Initiated,https://actelocale.gov.md/ral/act/ci-privire-la-inițierea-procesului-de-amalgamare-voluntară-2252362.html
Căușeni,Fîrlădeni,2714,3. 3K - 5K,-25.9%,"3,263",TRUE,FALSE,FALSE,FALSE,,,0. Unclear or Not Initiated,0. Not Checked
Căușeni,Grădinița,8521,1. < 1500,-42.5%,605,TRUE,FALSE,FALSE,FALSE,1. Initiated,https://actelocale.gov.md/ral/act/cu-privire-la-inițierea-procesului-de-amalgamare-voluntară-2279476.html,1. Initiated,https://actelocale.gov.md/ral/act/cu-privire-la-inițierea-procesului-de-amalgamare-voluntară-2279476.html
Căușeni,Grigorievca,2716,1. < 1500,-22.0%,855,TRUE,FALSE,FALSE,FALSE,1. Initiated,https://actelocale.gov.md/ral/act/cu-privire-la-inițierea-procesuluide-amalgamare-voluntară-2260779.html,1. Initiated,https://actelocale.gov.md/ral/act/cu-privire-la-inițierea-procesuluide-amalgamare-voluntară-2260779.html
Căușeni,Hagimus,2717,2. 1.5K - 3K,-29.8%,"2,054",TRUE,FALSE,FALSE,FALSE,1. Initiated,https://actelocale.gov.md/ral/act/cu-privire-la-inițierea-procesului-de-amalgamare-voluntară-2259773.html,1. Initiated,https://actelocale.gov.md/ral/act/cu-privire-la-inițierea-procesului-de-amalgamare-voluntară-2259773.html
Căușeni,Opaci,2718,2. 1.5K - 3K,-31.1%,"2,145",TRUE,FALSE,FALSE,FALSE,1. Initiated,https://actelocale.gov.md/ral/act/cu-privire-la-inițierea-procesuluide-amalgamare-voluntară-2235149.html,1. Initiated,https://actelocale.gov.md/ral/act/cu-privire-la-inițierea-procesuluide-amalgamare-voluntară-2235149.html
Căușeni,Pervomaisc,2330,1. < 1500,-35.1%,848,TRUE,FALSE,FALSE,FALSE,1. Initiated,https://actelocale.gov.md/ral/act/cu-privire-la-inițierea-procesul-de-amalgamare-voluntară-2267671.html,1. Initiated,https://actelocale.gov.md/ral/act/cu-privire-la-inițierea-procesul-de-amalgamare-voluntară-2267671.html
Căușeni,Plop-Știubei,2719,1. < 1500,-27.5%,"1,222",TRUE,FALSE,FALSE,FALSE,1. Initiated,https://actelocale.gov.md/ral/act/cu-privire-la-modificarea-deciziei-31-din-18-mai-2026-cu-privire-la-inițierea-procesului-de-amalgamare-voluntară-2289886.html,1. Initiated,https://actelocale.gov.md/ral/act/cu-privire-la-modificarea-deciziei-31-din-18-mai-2026-cu-privire-la-inițierea-procesului-de-amalgamare-voluntară-2289886.html
Căușeni,Săiți,2720,1. < 1500,-39.3%,"1,174",TRUE,FALSE,FALSE,FALSE,3. Draft Consultation,https://actelocale.gov.md/ral/act/cu-privire-la-inițierea-procedurii-de-consultare-publică-a-proiectului-de-decizie-cu-privire-la-inițierea-procesului-de-amalgamare-voluntară-2230525.html,3. Draft Consultation,https://actelocale.gov.md/ral/act/cu-privire-la-inițierea-procedurii-de-consultare-publică-a-proiectului-de-decizie-cu-privire-la-inițierea-procesului-de-amalgamare-voluntară-2230525.html
Căușeni,Sălcuța,2721,3. 3K - 5K,-28.3%,"3,124",TRUE,FALSE,FALSE,FALSE,1. Initiated,https://actelocale.gov.md/ral/act/cu-privire-la-inițierea-procesului-de-amalgamare-voluntară-2274308.html,1. Initiated,https://actelocale.gov.md/ral/act/cu-privire-la-inițierea-procesului-de-amalgamare-voluntară-2274308.html
Căușeni,Tănătari,2722,2. 1.5K - 3K,-32.5%,"1,676",TRUE,FALSE,FALSE,FALSE,5. Adopted,https://actelocale.gov.md/ral/act/cu-privire-la-amalgamarea-voluntară-a-unităților-administrativ-teritoriale-satul-tănătari-comuna-tănătarii-noi-satul-ursoaia-2303365.html,5. Adopted,https://actelocale.gov.md/ral/act/cu-privire-la-amalgamarea-voluntară-a-unităților-administrativ-teritoriale-satul-tănătari-comuna-tănătarii-noi-satul-ursoaia-2303365.html
Căușeni,Tănătarii Noi,2723,1. < 1500,-25.5%,474,TRUE,FALSE,FALSE,FALSE,4. Final Meeting Scheduled,https://actelocale.gov.md/ral/act/cu-privire-la-convocarea-şedinţei-extraordinarăa-consiliului-comunal-tănătarii-noi-2300427.html,4. Final Meeting Scheduled,https://actelocale.gov.md/ral/act/cu-privire-la-convocarea-şedinţei-extraordinarăa-consiliului-comunal-tănătarii-noi-2300427.html
Căușeni,Taraclia,2336,2. 1.5K - 3K,-32.4%,"2,537",TRUE,FALSE,FALSE,FALSE,2. Working Group,https://actelocale.gov.md/ral/act/cu-privire-la-solicitarea-transferului-pentru-susținerea-procesului-de-amalgamare-voluntară-2242208.html,2. Working Group,https://actelocale.gov.md/ral/act/cu-privire-la-solicitarea-transferului-pentru-susținerea-procesului-de-amalgamare-voluntară-2242208.html
Căușeni,Tocuz,2727,2. 1.5K - 3K,-30.6%,"2,582",TRUE,FALSE,FALSE,FALSE,5. Adopted,https://actelocale.gov.md/ral/act/cu-privire-la-amalgamarea-voluntară-a-unităților-adminstrativ-teritoriale-sălcuța-tocuz-și-ucrainca-2302578.html,5. Adopted,https://actelocale.gov.md/ral/act/cu-privire-la-amalgamarea-voluntară-a-unităților-adminstrativ-teritoriale-sălcuța-tocuz-și-ucrainca-2302578.html
Căușeni,Ucrainca,2728,1. < 1500,-37.7%,972,TRUE,FALSE,FALSE,FALSE,1. Initiated,https://actelocale.gov.md/ral/act/cu-privire-la-inițierea-procesului-de-amalgamare-voluntară-2278376.html,1. Initiated,https://actelocale.gov.md/ral/act/cu-privire-la-inițierea-procesului-de-amalgamare-voluntară-2278376.html
Căușeni,Ursoaia,2730,2. 1.5K - 3K,-27.9%,"1,777",TRUE,FALSE,FALSE,FALSE,4. Final Meeting Scheduled,https://actelocale.gov.md/ral/act/cu-privire-la-modificarea-dispoziției-nr65din-17072026-cu-privire-la-convocarea-şedinţeiextraordinare-al-consiliului-sătesc-ursoaia-2303489.html,4. Final Meeting Scheduled,https://actelocale.gov.md/ral/act/cu-privire-la-modificarea-dispoziției-nr65din-17072026-cu-privire-la-convocarea-şedinţeiextraordinare-al-consiliului-sătesc-ursoaia-2303489.html
Căușeni,Zaim,2731,3. 3K - 5K,-28.4%,"3,065",TRUE,FALSE,FALSE,FALSE,1. Initiated,https://actelocale.gov.md/ral/act/cu-privire-la-inițierea-procesului-de-amalgamare-voluntară-2245177.html,1. Initiated,https://actelocale.gov.md/ral/act/cu-privire-la-inițierea-procesului-de-amalgamare-voluntară-2245177.html
Cimișlia,Albina,2910,1. < 1500,-43.3%,"1,010",TRUE,FALSE,FALSE,FALSE,1. Initiated,https://actelocale.gov.md/ral/act/cu-privire-la-inițierea-procesului-de-amalgamare-voluntară-2302703.html,1. Initiated,https://actelocale.gov.md/ral/act/cu-privire-la-inițierea-procesului-de-amalgamare-voluntară-2302703.html
Cimișlia,Batîr,2312,1. < 1500,-31.0%,"1,319",TRUE,FALSE,FALSE,FALSE,,,0. Unclear or Not Initiated,0. Not Checked
Cimișlia,Cenac,2914,1. < 1500,-47.9%,877,TRUE,FALSE,FALSE,FALSE,3. Draft Consultation,https://actelocale.gov.md/ral/act/cu-privire-la-modificarea-deciziei-nr-0224-din-13032026-cu-privire-la-inițierea-procesului-de-amalgamare-voluntară-2300725.html,3. Draft Consultation,https://actelocale.gov.md/ral/act/cu-privire-la-modificarea-deciziei-nr-0224-din-13032026-cu-privire-la-inițierea-procesului-de-amalgamare-voluntară-2300725.html
Cimișlia,Cimișlia,2901,4. 5K - 10K,-26.9%,"8,765",TRUE,FALSE,FALSE,FALSE,3. Draft Consultation,https://actelocale.gov.md/ral/act/cu-privire-la-modificarea-dispoziției-nr-188-d-din-02072026-privind-audierea-publică-a-proiectului-de-decizie-privind-amalgamarea-voluntară-a-unităților-administrativ-teritoriale-2303368.html,3. Draft Consultation,https://actelocale.gov.md/ral/act/cu-privire-la-modificarea-dispoziției-nr-188-d-din-02072026-privind-audierea-publică-a-proiectului-de-decizie-privind-amalgamarea-voluntară-a-unităților-administrativ-teritoriale-2303368.html
Cimișlia,Ciucur-Mingir,2915,1. < 1500,-40.7%,842,TRUE,FALSE,FALSE,FALSE,1. Initiated,https://actelocale.gov.md/ral/act/cu-privire-la-modificarea-deciziei-nr22-din-29042026-cu-privire-la-inițierea-procesului-de-amalgamare-voluntară-2298440.html,1. Initiated,https://actelocale.gov.md/ral/act/cu-privire-la-modificarea-deciziei-nr22-din-29042026-cu-privire-la-inițierea-procesului-de-amalgamare-voluntară-2298440.html
Cimișlia,Codreni,2320,1. < 1500,-36.0%,409,TRUE,FALSE,FALSE,FALSE,1. Initiated,https://actelocale.gov.md/ral/act/cu-privire-la-modificarea-anexei-la-decizia-consiliului-local-codreni-nr-0203-din-29052026-cu-privire-la-inițierea-procesului-de-amalgamare-voluntară-2286813.html,1. Initiated,https://actelocale.gov.md/ral/act/cu-privire-la-modificarea-anexei-la-decizia-consiliului-local-codreni-nr-0203-din-29052026-cu-privire-la-inițierea-procesului-de-amalgamare-voluntară-2286813.html
Cimișlia,Ecaterinovca,2917,1. < 1500,-40.1%,905,TRUE,FALSE,FALSE,FALSE,4. Final Meeting Scheduled,https://actelocale.gov.md/ral/act/cu-privire-la-convocarea-şedinţei-extraordinare-a-consiliului-local-2303196.html,4. Final Meeting Scheduled,https://actelocale.gov.md/ral/act/cu-privire-la-convocarea-şedinţei-extraordinare-a-consiliului-local-2303196.html
Cimișlia,Gradişte,2918,1. < 1500,-48.2%,"1,092",TRUE,FALSE,FALSE,FALSE,3. Draft Consultation,https://actelocale.gov.md/ral/act/cu-privire-la-organizarea-și-desfășurarea-consultărilor-publice-privind-amalgamarea-voluntară-2296197.html,3. Draft Consultation,https://actelocale.gov.md/ral/act/cu-privire-la-organizarea-și-desfășurarea-consultărilor-publice-privind-amalgamarea-voluntară-2296197.html
Cimișlia,Gura Galbenei,2919,2. 1.5K - 3K,-33.8%,"2,512",TRUE,FALSE,FALSE,FALSE,5. Adopted,https://actelocale.gov.md/ral/act/cu-privire-la-amalgamarea-voluntară-a-unitățiloradministrativ-teritoriale-gura-galbenei-și-lipoveni-2289208.html,5. Adopted,https://actelocale.gov.md/ral/act/cu-privire-la-amalgamarea-voluntară-a-unitățiloradministrativ-teritoriale-gura-galbenei-și-lipoveni-2289208.html
Cimișlia,Hîrtop,2920,1. < 1500,-39.2%,"1,200",TRUE,FALSE,FALSE,FALSE,1. Initiated,https://actelocale.gov.md/ral/act/cu-privire-la-iniţierea-procesului-de-amalgamare-voluntară-2295330.html,1. Initiated,https://actelocale.gov.md/ral/act/cu-privire-la-iniţierea-procesului-de-amalgamare-voluntară-2295330.html
Cimișlia,Ialpujeni,2923,1. < 1500,-39.4%,849,TRUE,FALSE,FALSE,FALSE,1. Initiated,https://actelocale.gov.md/ral/act/cu-privire-la-inițierea-procesului-de-amalgamare-voluntară-2296979.html,1. Initiated,https://actelocale.gov.md/ral/act/cu-privire-la-inițierea-procesului-de-amalgamare-voluntară-2296979.html
Cimișlia,Ivanovca Nouă,2927,1. < 1500,-42.4%,400,TRUE,FALSE,FALSE,FALSE,1. Initiated,https://actelocale.gov.md/ral/act/cu-privire-la-iniţierea-procesului-de-amalgamare-voluntară-2233595.html,1. Initiated,https://actelocale.gov.md/ral/act/cu-privire-la-iniţierea-procesului-de-amalgamare-voluntară-2233595.html
Cimișlia,Javgur,2928,1. < 1500,-33.3%,907,TRUE,FALSE,FALSE,FALSE,1. Initiated,https://actelocale.gov.md/ral/act/cu-privire-la-modificarea-deciziei-nr0311-din-15052026-cu-privire-la-iniţierea-procesului-de-amalgamare-voluntară-2283799.html,1. Initiated,https://actelocale.gov.md/ral/act/cu-privire-la-modificarea-deciziei-nr0311-din-15052026-cu-privire-la-iniţierea-procesului-de-amalgamare-voluntară-2283799.html
Cimișlia,Lipoveni,2931,1. < 1500,-49.9%,882,TRUE,FALSE,FALSE,FALSE,,,0. Unclear or Not Initiated,0. Not Checked
Cimișlia,Mihailovca,2935,2. 1.5K - 3K,-42.5%,"1,799",TRUE,FALSE,FALSE,FALSE,3. Draft Consultation,https://actelocale.gov.md/ral/act/cu-privire-la-audierea-publică-a-proiectului-de-decizie-privind-amalgamarea-voluntară-a-a-unităților-administrativ-teritoriale-smihailovca-comiserlia-stroiţcoe-2303241.html,3. Draft Consultation,https://actelocale.gov.md/ral/act/cu-privire-la-audierea-publică-a-proiectului-de-decizie-privind-amalgamarea-voluntară-a-a-unităților-administrativ-teritoriale-smihailovca-comiserlia-stroiţcoe-2303241.html
Cimișlia,Porumbrei,2926,1. < 1500,-28.4%,"1,088",TRUE,FALSE,FALSE,FALSE,,,0. Unclear or Not Initiated,0. Not Checked
Cimișlia,Sagaidac,2936,1. < 1500,-39.9%,"1,233",TRUE,FALSE,FALSE,FALSE,1. Initiated,https://actelocale.gov.md/ral/act/cu-privire-la-modificarea-decizieiconsiliului-local-sagaidac-0301-din-20352026cu-privire-la-inițierea-procesului-de-amalgamare-voluntară-2288088.html,1. Initiated,https://actelocale.gov.md/ral/act/cu-privire-la-modificarea-decizieiconsiliului-local-sagaidac-0301-din-20352026cu-privire-la-inițierea-procesului-de-amalgamare-voluntară-2288088.html
Cimișlia,Satul Nou,2937,1. < 1500,-46.5%,"1,022",TRUE,FALSE,FALSE,FALSE,,,0. Unclear or Not Initiated,0. Not Checked
Cimișlia,Selemet,2938,2. 1.5K - 3K,-42.6%,"1,981",TRUE,FALSE,FALSE,FALSE,3. Draft Consultation,https://actelocale.gov.md/ral/act/cu-privire-la-rezultatele-consultărilor-publice-privind-amalgamarea-voluntară-a-uat-selemet-2289790.html,3. Draft Consultation,https://actelocale.gov.md/ral/act/cu-privire-la-rezultatele-consultărilor-publice-privind-amalgamarea-voluntară-a-uat-selemet-2289790.html
Cimișlia,Suric,2939,1. < 1500,-52.5%,378,TRUE,FALSE,FALSE,FALSE,1. Initiated,https://actelocale.gov.md/ral/act/cu-privire-la-inițierea-procesului-de-amalgamare-voluntară-2234589.html,1. Initiated,https://actelocale.gov.md/ral/act/cu-privire-la-inițierea-procesului-de-amalgamare-voluntară-2234589.html
Cimișlia,Topala,2940,1. < 1500,-45.1%,395,TRUE,FALSE,FALSE,FALSE,1. Initiated,https://actelocale.gov.md/ral/act/cu-privire-la-modificarea-deciziei-nr-0303-din-17-martie-2026-cu-privire-la-iniţierea-procesului-de-amalgamare-voluntară-2298291.html,1. Initiated,https://actelocale.gov.md/ral/act/cu-privire-la-modificarea-deciziei-nr-0303-din-17-martie-2026-cu-privire-la-iniţierea-procesului-de-amalgamare-voluntară-2298291.html
Cimișlia,Troiţcoe,1219,1. < 1500,-38.8%,627,TRUE,FALSE,FALSE,FALSE,,,0. Unclear or Not Initiated,0. Not Checked
Cimișlia,Valea Perjei,2942,1. < 1500,-26.3%,494,TRUE,FALSE,FALSE,FALSE,1. Initiated,https://actelocale.gov.md/ral/act/cu-privire-la-inițierea-procesului-de-amalgamare-voluntară-2299781.html,1. Initiated,https://actelocale.gov.md/ral/act/cu-privire-la-inițierea-procesului-de-amalgamare-voluntară-2299781.html
Criuleni,Bălăbănești,3111,2. 1.5K - 3K,-22.5%,"2,738",TRUE,FALSE,FALSE,FALSE,1. Initiated,https://actelocale.gov.md/ral/act/cu-privire-la-modificarea-deciziei-nr25-din-24032026-privind-iniţierea-procesului-de-amalgamare-voluntară-2253027.html,1. Initiated,https://actelocale.gov.md/ral/act/cu-privire-la-modificarea-deciziei-nr25-din-24032026-privind-iniţierea-procesului-de-amalgamare-voluntară-2253027.html
Criuleni,Bălțata,3114,2. 1.5K - 3K,-10.9%,"1,560",TRUE,FALSE,FALSE,FALSE,1. Initiated,https://actelocale.gov.md/ral/act/cu-privire-la-inițierea-procesului-de-amalgamare-voluntară-2242057.html,1. Initiated,https://actelocale.gov.md/ral/act/cu-privire-la-inițierea-procesului-de-amalgamare-voluntară-2242057.html
Criuleni,Boşcana,3118,2. 1.5K - 3K,-31.8%,"2,312",TRUE,FALSE,FALSE,FALSE,5. Adopted,https://actelocale.gov.md/ral/act/cu-privire-la-amalgamarea-voluntară-a-unităţii-administrativ-teritoriale-comuna-boşcana-și-unităţii-administrativ-teritoriale-satul-coşerniţa-în-cadrul-raionului-criuleni-2297465.html,5. Adopted,https://actelocale.gov.md/ral/act/cu-privire-la-amalgamarea-voluntară-a-unităţii-administrativ-teritoriale-comuna-boşcana-și-unităţii-administrativ-teritoriale-satul-coşerniţa-în-cadrul-raionului-criuleni-2297465.html
Criuleni,Cimișeni,3122,2. 1.5K - 3K,-27.0%,"1,977",TRUE,FALSE,FALSE,FALSE,1. Initiated,https://actelocale.gov.md/ral/act/cu-privire-la-iniţierea-procesului-de-amalgamare-voluntară-2240655.html,1. Initiated,https://actelocale.gov.md/ral/act/cu-privire-la-iniţierea-procesului-de-amalgamare-voluntară-2240655.html
Criuleni,Corjova,3123,2. 1.5K - 3K,-28.8%,"1,750",TRUE,FALSE,FALSE,FALSE,,,0. Unclear or Not Initiated,0. Not Checked
Criuleni,Coșernița,3124,1. < 1500,-39.2%,885,TRUE,FALSE,FALSE,FALSE,2. Working Group,https://actelocale.gov.md/ral/act/cu-privire-la-constituirea-grupului-de-lucru-şi-delegarea-competenţelor-de-negociere-şi-reprezentare-în-legătură-cu-iniţierea-procedurii-de-amalgamare-voluntară-a-satului-coşerniţa-cu-comuna-boşcana-2271790.html,2. Working Group,https://actelocale.gov.md/ral/act/cu-privire-la-constituirea-grupului-de-lucru-şi-delegarea-competenţelor-de-negociere-şi-reprezentare-în-legătură-cu-iniţierea-procedurii-de-amalgamare-voluntară-a-satului-coşerniţa-cu-comuna-boşcana-2271790.html
Criuleni,Criuleni,3101,4. 5K - 10K,-12.9%,"5,844",TRUE,FALSE,FALSE,FALSE,,,0. Unclear or Not Initiated,0. Not Checked
Criuleni,Cruglic,3125,2. 1.5K - 3K,-21.8%,"1,865",TRUE,FALSE,FALSE,FALSE,,,0. Unclear or Not Initiated,0. Not Checked
Criuleni,Dolinnoe,3126,1. < 1500,-23.5%,883,TRUE,FALSE,FALSE,FALSE,2. Working Group,https://actelocale.gov.md/ral/act/cu-privire-la-solicitarea-transferului-pentru-susținerea-procesului-de-amalgamare-voluntară-2296972.html,2. Working Group,https://actelocale.gov.md/ral/act/cu-privire-la-solicitarea-transferului-pentru-susținerea-procesului-de-amalgamare-voluntară-2296972.html
Criuleni,Drăsliceni,3129,2. 1.5K - 3K,-18.8%,"2,617",TRUE,FALSE,FALSE,FALSE,1. Initiated,https://actelocale.gov.md/ral/act/cu-privire-la-inițierea-procesului-de-amalgamare-voluntară-2255895.html,1. Initiated,https://actelocale.gov.md/ral/act/cu-privire-la-inițierea-procesului-de-amalgamare-voluntară-2255895.html
Criuleni,Dubăsarii Vechi,3133,3. 3K - 5K,-27.3%,"4,305",TRUE,FALSE,FALSE,FALSE,,,0. Unclear or Not Initiated,0. Not Checked
Criuleni,Hîrtopul Mare,3134,2. 1.5K - 3K,-43.9%,"2,295",TRUE,FALSE,FALSE,FALSE,,,0. Unclear or Not Initiated,0. Not Checked
Criuleni,Hrușova,3136,2. 1.5K - 3K,-31.3%,"1,713",TRUE,FALSE,FALSE,FALSE,1. Initiated,https://actelocale.gov.md/ral/act/cu-privire-la-aprobarea-modificării-ce-se-operează-la-deciziile-consiliului-comunal-hrușova-nr031-din-02042026-și-0423din-20052026-cu-privire-la-inițierea-procesului-de-amalgamare-voluntară-2275622.html,1. Initiated,https://actelocale.gov.md/ral/act/cu-privire-la-aprobarea-modificării-ce-se-operează-la-deciziile-consiliului-comunal-hrușova-nr031-din-02042026-și-0423din-20052026-cu-privire-la-inițierea-procesului-de-amalgamare-voluntară-2275622.html
Criuleni,Işnovăţ,3139,1. < 1500,-29.8%,"1,059",TRUE,FALSE,FALSE,FALSE,1. Initiated,https://actelocale.gov.md/ral/act/cu-privire-la-inițierea-procedurii-de-amalgamare-voluntară-a-apl-i-ișnovăț-2237525.html,1. Initiated,https://actelocale.gov.md/ral/act/cu-privire-la-inițierea-procedurii-de-amalgamare-voluntară-a-apl-i-ișnovăț-2237525.html
Criuleni,Izbiște,3140,2. 1.5K - 3K,-24.5%,"2,060",TRUE,FALSE,FALSE,FALSE,1. Initiated,https://actelocale.gov.md/ral/act/cu-privire-la-inițierea-procedurii-de-amalgamare-voluntară-a-apl-i-ișnovăț-2237525.html,1. Initiated,https://actelocale.gov.md/ral/act/cu-privire-la-inițierea-procedurii-de-amalgamare-voluntară-a-apl-i-ișnovăț-2237525.html
Criuleni,Jevreni,3141,1. < 1500,-36.0%,908,TRUE,FALSE,FALSE,FALSE,,,0. Unclear or Not Initiated,0. Not Checked
Criuleni,Măgdăcești,3131,3. 3K - 5K,-11.1%,"4,636",TRUE,FALSE,FALSE,FALSE,1. Initiated,https://actelocale.gov.md/ral/act/cu-privire-la-inițierea-procesului-de-amalgamare-voluntară-2253248.html,1. Initiated,https://actelocale.gov.md/ral/act/cu-privire-la-inițierea-procesului-de-amalgamare-voluntară-2253248.html
Criuleni,Maşcăuţi,3142,2. 1.5K - 3K,-34.5%,"2,707",TRUE,FALSE,FALSE,FALSE,,,0. Unclear or Not Initiated,0. Not Checked
Criuleni,Miclești,3143,2. 1.5K - 3K,-25.6%,"1,640",TRUE,FALSE,FALSE,FALSE,,,0. Unclear or Not Initiated,0. Not Checked
Criuleni,Onițcani,3146,2. 1.5K - 3K,-29.3%,"1,550",TRUE,FALSE,FALSE,FALSE,1. Initiated,https://actelocale.gov.md/ral/act/cu-privire-la-inițierea-procesului-de-amalgamare-voluntară-2248030.html,1. Initiated,https://actelocale.gov.md/ral/act/cu-privire-la-inițierea-procesului-de-amalgamare-voluntară-2248030.html
Criuleni,Pașcani,3147,2. 1.5K - 3K,-15.8%,"2,128",TRUE,FALSE,FALSE,FALSE,,,0. Unclear or Not Initiated,0. Not Checked
Criuleni,Răculești,3149,1. < 1500,-23.4%,"1,250",TRUE,FALSE,FALSE,FALSE,1. Initiated,https://actelocale.gov.md/ral/act/cu-privire-la-iniţierea-procesului-de-amalgamare-voluntară-2263348.html,1. Initiated,https://actelocale.gov.md/ral/act/cu-privire-la-iniţierea-procesului-de-amalgamare-voluntară-2263348.html
Criuleni,Rîșcova,3151,1. < 1500,-21.9%,914,TRUE,FALSE,FALSE,FALSE,,,0. Unclear or Not Initiated,0. Not Checked
Criuleni,Slobozia-Dușca,3152,2. 1.5K - 3K,-33.6%,"1,903",TRUE,FALSE,FALSE,FALSE,1. Initiated,https://actelocale.gov.md/ral/act/cu-privire-la-inițierea-procesului-de-amalgamare-voluntară-2270550.html,1. Initiated,https://actelocale.gov.md/ral/act/cu-privire-la-inițierea-procesului-de-amalgamare-voluntară-2270550.html
Criuleni,Zăicana,3155,1. < 1500,-20.4%,"1,427",TRUE,FALSE,FALSE,FALSE,,,0. Unclear or Not Initiated,0. Not Checked
Dondușeni,Arionești,3410,1. < 1500,-20.0%,"1,033",TRUE,FALSE,FALSE,FALSE,1. Initiated,https://actelocale.gov.md/ral/act/cu-privire-la-modificarea-deciziei-nr-31-din-09-aprilie-2026-cu-privire-la-acceptarea-procesului-de-amalgamare-voluntară-2256029.html,1. Initiated,https://actelocale.gov.md/ral/act/cu-privire-la-modificarea-deciziei-nr-31-din-09-aprilie-2026-cu-privire-la-acceptarea-procesului-de-amalgamare-voluntară-2256029.html
Dondușeni,Baraboi,3411,2. 1.5K - 3K,-30.4%,"2,148",TRUE,FALSE,FALSE,FALSE,2. Working Group,https://actelocale.gov.md/ral/act/cu-privire-la-solicitarea-transferului-pentru-susținerea-procesului-de-amalgamare-voluntară-2299440.html,2. Working Group,https://actelocale.gov.md/ral/act/cu-privire-la-solicitarea-transferului-pentru-susținerea-procesului-de-amalgamare-voluntară-2299440.html
Dondușeni,Briceni,3412,1. < 1500,-33.7%,437,TRUE,FALSE,FALSE,FALSE,2. Working Group,https://actelocale.gov.md/ral/act/cu-privire-la-solicitarea-transferului-pentru-susținerea-procesului-de-amalgamare-voluntară-2296300.html,2. Working Group,https://actelocale.gov.md/ral/act/cu-privire-la-solicitarea-transferului-pentru-susținerea-procesului-de-amalgamare-voluntară-2296300.html
Dondușeni,Cernoleuca,3413,1. < 1500,-26.8%,"1,151",TRUE,FALSE,FALSE,FALSE,2. Working Group,https://actelocale.gov.md/ral/act/Сu-privire-la-solicitarea-transferului-pentru-susţinerea-procesului-de-amalgamare-2297767.html,2. Working Group,https://actelocale.gov.md/ral/act/Сu-privire-la-solicitarea-transferului-pentru-susţinerea-procesului-de-amalgamare-2297767.html
Dondușeni,Climăuți,3414,1. < 1500,-32.1%,701,TRUE,FALSE,FALSE,FALSE,2. Working Group,https://actelocale.gov.md/ral/act/cu-privire-la-solicitarea-transferului-pentru-susținerea-procesului-de-amalgamare-voluntară-2299420.html,2. Working Group,https://actelocale.gov.md/ral/act/cu-privire-la-solicitarea-transferului-pentru-susținerea-procesului-de-amalgamare-voluntară-2299420.html
Dondușeni,Corbu,3415,1. < 1500,-37.2%,805,TRUE,FALSE,FALSE,FALSE,2. Working Group,https://actelocale.gov.md/ral/act/cu-privire-la-solicitarea-transferului-pentru-susţinerea-procesului-de-amalgamare-voluntară-2294965.html,2. Working Group,https://actelocale.gov.md/ral/act/cu-privire-la-solicitarea-transferului-pentru-susţinerea-procesului-de-amalgamare-voluntară-2294965.html
Dondușeni,Crișcăuți,3416,1. < 1500,-32.7%,735,TRUE,3416,https://www.moldpres.md/rom/politica/grupuri-de-primarii-amalgamate-au-fost-create-in-toate-regiunile-tarii-investitii-de-366-de-milioane-de-lei-planificate-de-guvern-pentru-modernizarea-localitatilor,5. Adopted,5. Adopted,,5. Adopted,https://www.moldpres.md/rom/politica/grupuri-de-primarii-amalgamate-au-fost-create-in-toate-regiunile-tarii-investitii-de-366-de-milioane-de-lei-planificate-de-guvern-pentru-modernizarea-localitatilor
Dondușeni,Dondușeni,3417,1. < 1500,-35.1%,994,TRUE,FALSE,FALSE,FALSE,2. Working Group,https://actelocale.gov.md/ral/act/cu-privire-la-solicitarea-transferului-pentru-susținerea-procesului-de-amalgamare-voluntară-2301297.html,2. Working Group,https://actelocale.gov.md/ral/act/cu-privire-la-solicitarea-transferului-pentru-susținerea-procesului-de-amalgamare-voluntară-2301297.html
Dondușeni,Elizavetovca,3418,1. < 1500,-33.9%,339,TRUE,FALSE,FALSE,FALSE,1. Initiated,https://actelocale.gov.md/ral/act/cu-privire-la-modificarea-deciziei-nr-21-din-20-martie-2026-Сu-privire-la-inițierea-procesului-de-amalgamare-voluntară-2273209.html,1. Initiated,https://actelocale.gov.md/ral/act/cu-privire-la-modificarea-deciziei-nr-21-din-20-martie-2026-Сu-privire-la-inițierea-procesului-de-amalgamare-voluntară-2273209.html
Dondușeni,Frasin,3422,1. < 1500,-23.0%,"1,313",TRUE,FALSE,FALSE,FALSE,,,0. Unclear or Not Initiated,0. Not Checked
Dondușeni,Horodiște,3425,1. < 1500,-24.0%,584,TRUE,FALSE,FALSE,FALSE,,,0. Unclear or Not Initiated,0. Not Checked
Dondușeni,Moşana,3428,1. < 1500,-24.1%,"1,265",TRUE,FALSE,FALSE,FALSE,2. Working Group,https://actelocale.gov.md/ral/act/cu-privire-la-solicitarea-transferului-su-destinație-specială-pentru-susținerea-procesului-de-amalgamare-voluntară-2296980.html,2. Working Group,https://actelocale.gov.md/ral/act/cu-privire-la-solicitarea-transferului-su-destinație-specială-pentru-susținerea-procesului-de-amalgamare-voluntară-2296980.html
Dondușeni,Orașul Dondușeni,3401,4. 5K - 10K,-15.7%,"5,987",TRUE,FALSE,FALSE,FALSE,,,0. Unclear or Not Initiated,0. Not Checked
Dondușeni,Pivniceni,3432,1. < 1500,-30.4%,408,TRUE,FALSE,FALSE,FALSE,1. Initiated,https://actelocale.gov.md/ral/act/cu-privire-la-inițierea-procesului-de-amalgamare-voluntară-cu-sclimăuț-2250453.html,1. Initiated,https://actelocale.gov.md/ral/act/cu-privire-la-inițierea-procesului-de-amalgamare-voluntară-cu-sclimăuț-2250453.html
Dondușeni,Plop,3433,1. < 1500,-30.8%,936,TRUE,FALSE,FALSE,FALSE,2. Working Group,https://actelocale.gov.md/ral/act/cu-privire-la-solicitarea-transferului-pentru-susţinerea-procesului-de-amalgamare-voluntară-2296649.html,2. Working Group,https://actelocale.gov.md/ral/act/cu-privire-la-solicitarea-transferului-pentru-susţinerea-procesului-de-amalgamare-voluntară-2296649.html
Dondușeni,Pocrovca,3434,1. < 1500,-11.3%,940,TRUE,FALSE,FALSE,FALSE,1. Initiated,https://actelocale.gov.md/ral/act/cu-privire-la-acceptarea-procesului-de-amalgamare-voluntară-2253423.html,1. Initiated,https://actelocale.gov.md/ral/act/cu-privire-la-acceptarea-procesului-de-amalgamare-voluntară-2253423.html
Dondușeni,Rediul Mare,3435,1. < 1500,-33.4%,613,TRUE,FALSE,FALSE,FALSE,1. Initiated,https://actelocale.gov.md/ral/act/cu-privire-la-modificarea-şi-completarea-deciziei-consiliului-local-nr31-din-17032026-cu-privire-la-iniţierea-procesului-de-amalgamare-voluntară-2274024.html,1. Initiated,https://actelocale.gov.md/ral/act/cu-privire-la-modificarea-şi-completarea-deciziei-consiliului-local-nr31-din-17032026-cu-privire-la-iniţierea-procesului-de-amalgamare-voluntară-2274024.html
Dondușeni,Scăieni,3437,1. < 1500,-35.4%,"1,044",TRUE,FALSE,FALSE,FALSE,1. Initiated,https://actelocale.gov.md/ral/act/cu-privire-la-iniţierea-procesului-de-amalgamare-voluntară-2247535.html,1. Initiated,https://actelocale.gov.md/ral/act/cu-privire-la-iniţierea-procesului-de-amalgamare-voluntară-2247535.html
Dondușeni,Sudarca,3438,1. < 1500,-27.4%,"1,272",TRUE,FALSE,FALSE,FALSE,,,0. Unclear or Not Initiated,0. Not Checked
Dondușeni,Ţaul,3449,2. 1.5K - 3K,-37.0%,"1,947",TRUE,FALSE,FALSE,FALSE,2. Working Group,https://actelocale.gov.md/ral/act/cu-privire-la-solicitarea-transferului-pentru-susținerea-procesului-de-amalgamare-voluntară-2299474.html,2. Working Group,https://actelocale.gov.md/ral/act/cu-privire-la-solicitarea-transferului-pentru-susținerea-procesului-de-amalgamare-voluntară-2299474.html
Dondușeni,Teleșeuca,3444,1. < 1500,-16.2%,533,TRUE,3444,https://www.moldpres.md/rom/politica/grupuri-de-primarii-amalgamate-au-fost-create-in-toate-regiunile-tarii-investitii-de-366-de-milioane-de-lei-planificate-de-guvern-pentru-modernizarea-localitatilor,5. Adopted,5. Adopted,,5. Adopted,https://www.moldpres.md/rom/politica/grupuri-de-primarii-amalgamate-au-fost-create-in-toate-regiunile-tarii-investitii-de-366-de-milioane-de-lei-planificate-de-guvern-pentru-modernizarea-localitatilor
Dondușeni,Tîrnova,3446,2. 1.5K - 3K,-17.4%,"2,923",TRUE,FALSE,FALSE,FALSE,2. Working Group,https://actelocale.gov.md/ral/act/cu-privire-la-solicitarea-transferului-pentru-susținerea-procesului-de-amalgamare-voluntară-2298609.html,2. Working Group,https://actelocale.gov.md/ral/act/cu-privire-la-solicitarea-transferului-pentru-susținerea-procesului-de-amalgamare-voluntară-2298609.html
Drochia,Antoneuca,3610,1. < 1500,-44.0%,274,TRUE,FALSE,FALSE,FALSE,1. Initiated,https://actelocale.gov.md/ral/act/cu-privire-la-modificarea-decizieu-nr31-din-06052026-cu-privire-la-acceptarea-procesului-de-amalgamare-voluntară-2254525.html,1. Initiated,https://actelocale.gov.md/ral/act/cu-privire-la-modificarea-decizieu-nr31-din-06052026-cu-privire-la-acceptarea-procesului-de-amalgamare-voluntară-2254525.html
Drochia,Baroncea,3612,1. < 1500,-33.0%,"1,028",TRUE,FALSE,FALSE,FALSE,1. Initiated,https://actelocale.gov.md/ral/act/cu-privire-la-examinarea-propunerii-de-inițiere-a-procesului-de-amalgamare-voluntară-înaintată-de-consiliul-sătesc-chetrosu-rl-drochia-2279277.html,1. Initiated,https://actelocale.gov.md/ral/act/cu-privire-la-examinarea-propunerii-de-inițiere-a-procesului-de-amalgamare-voluntară-înaintată-de-consiliul-sătesc-chetrosu-rl-drochia-2279277.html
Drochia,Chetrosu,3614,3. 3K - 5K,-29.1%,"3,388",TRUE,FALSE,FALSE,FALSE,1. Initiated,https://actelocale.gov.md/ral/act/cu-privire-la-inițierea-procesului-de-amalgamare-voluntară-2258985.html,1. Initiated,https://actelocale.gov.md/ral/act/cu-privire-la-inițierea-procesului-de-amalgamare-voluntară-2258985.html
Drochia,Cotova,3615,2. 1.5K - 3K,-39.6%,"1,785",TRUE,FALSE,FALSE,FALSE,,,0. Unclear or Not Initiated,0. Not Checked
Drochia,Dominteni,3617,1. < 1500,-37.0%,745,TRUE,FALSE,FALSE,FALSE,1. Initiated,https://actelocale.gov.md/ral/act/cu-privire-la-acceptarea-propunerii-consiliului-local-gribova-privind-inițierea-procesului-de-amalgamare-voluntară-2272772.html,1. Initiated,https://actelocale.gov.md/ral/act/cu-privire-la-acceptarea-propunerii-consiliului-local-gribova-privind-inițierea-procesului-de-amalgamare-voluntară-2272772.html
Drochia,Drochia,3618,2. 1.5K - 3K,-27.2%,"1,908",TRUE,FALSE,FALSE,FALSE,1. Initiated,https://actelocale.gov.md/ral/act/cu-privire-la-examinarea-propunerii-consiliului-local-Șuri-privind-inițierea-procesului-de-amalgamare-voluntară-2283670.html,1. Initiated,https://actelocale.gov.md/ral/act/cu-privire-la-examinarea-propunerii-consiliului-local-Șuri-privind-inițierea-procesului-de-amalgamare-voluntară-2283670.html
Drochia,Fîntînița,3420,1. < 1500,-37.3%,744,TRUE,FALSE,FALSE,FALSE,1. Initiated,https://actelocale.gov.md/ral/act/cu-privire-la-acceptarea-propunerii-de-amalgamare-voluntară-2274747.html,1. Initiated,https://actelocale.gov.md/ral/act/cu-privire-la-acceptarea-propunerii-de-amalgamare-voluntară-2274747.html
Drochia,Gribova,3619,1. < 1500,-41.8%,"1,194",TRUE,FALSE,FALSE,FALSE,1. Initiated,https://actelocale.gov.md/ral/act/cu-privire-la-inițierea-procesului-de-amalgamare-voluntară-2271989.html,1. Initiated,https://actelocale.gov.md/ral/act/cu-privire-la-inițierea-procesului-de-amalgamare-voluntară-2271989.html
Drochia,Hăsnăşenii Mari,3620,1. < 1500,-31.0%,"1,056",TRUE,FALSE,FALSE,FALSE,1. Initiated,https://actelocale.gov.md/ral/act/cu-privire-la-inițierea-procesului-de-amalgamare-voluntară-2251326.html,1. Initiated,https://actelocale.gov.md/ral/act/cu-privire-la-inițierea-procesului-de-amalgamare-voluntară-2251326.html
Drochia,Hăsnăşenii Noi,3621,1. < 1500,-32.2%,"1,098",TRUE,FALSE,FALSE,FALSE,1. Initiated,https://actelocale.gov.md/ral/act/cu-privire-la-acceptarea-propunerii-de-inițiere-a-procesului-de-amalgamare-voluntară-2270352.html,1. Initiated,https://actelocale.gov.md/ral/act/cu-privire-la-acceptarea-propunerii-de-inițiere-a-procesului-de-amalgamare-voluntară-2270352.html
Drochia,Maramonovca,3426,1. < 1500,-26.1%,"1,443",TRUE,FALSE,FALSE,FALSE,3. Draft Consultation,https://actelocale.gov.md/ral/act/cu-privire-la-consultarea-publică-a-proiectului-de-decizie-a-consiliului-sătesc-maramonovca-cu-privire-la-amalgamarea-voluntară-a-unităților-administrativ-teritoriale-satul-maramonovca-satul-mîndîc-comuna-Șalvirii-vechi-2298665.html,3. Draft Consultation,https://actelocale.gov.md/ral/act/cu-privire-la-consultarea-publică-a-proiectului-de-decizie-a-consiliului-sătesc-maramonovca-cu-privire-la-amalgamarea-voluntară-a-unităților-administrativ-teritoriale-satul-maramonovca-satul-mîndîc-comuna-Șalvirii-vechi-2298665.html
Drochia,Miciurin,3623,1. < 1500,-40.1%,888,TRUE,3623,https://actelocale.gov.md/ral/act/cu-privire-la-amalgamarea-voluntară-a-unităților-administrativ-teritoriale-sofia-miciurin-2291823.html,5. Adopted,5. Adopted,,5. Adopted,https://actelocale.gov.md/ral/act/cu-privire-la-amalgamarea-voluntară-a-unităților-administrativ-teritoriale-sofia-miciurin-2291823.html
Drochia,Mîndîc,3427,2. 1.5K - 3K,-34.1%,"1,899",TRUE,FALSE,FALSE,FALSE,3. Draft Consultation,https://actelocale.gov.md/ral/act/cu-privire-la-consultarea-publică-a-proiectuluide-decizie-cu-privire-la-amalgamarea-voluntară-a-unităților-administrativ-teritorialesmîndîcsmaramonovca-comȘalvirii-vechi-2299596.html,3. Draft Consultation,https://actelocale.gov.md/ral/act/cu-privire-la-consultarea-publică-a-proiectuluide-decizie-cu-privire-la-amalgamarea-voluntară-a-unităților-administrativ-teritorialesmîndîcsmaramonovca-comȘalvirii-vechi-2299596.html
Drochia,Moara de Piatră,3624,1. < 1500,-32.6%,876,TRUE,FALSE,FALSE,FALSE,1. Initiated,https://actelocale.gov.md/ral/act/cu-privire-la-examinarea-deciziei-nr-52-din-29052026-cu-privire-la-inițierea-procesului-de-amalgamare-voluntară-adoptată-de-către-consiliul-sătesc-hăsnășenii-mari-și-decizia-nr-32-din-02062026-cu-privire-la-acceptarea-propunerii-consiliului-hăsnășenii-mari-privind-inițierea-procesului-de-amalgamare-voluntară-adoptata-de-consiliul-comunei-cubolta-2269097.html,1. Initiated,https://actelocale.gov.md/ral/act/cu-privire-la-examinarea-deciziei-nr-52-din-29052026-cu-privire-la-inițierea-procesului-de-amalgamare-voluntară-adoptată-de-către-consiliul-sătesc-hăsnășenii-mari-și-decizia-nr-32-din-02062026-cu-privire-la-acceptarea-propunerii-consiliului-hăsnășenii-mari-privind-inițierea-procesului-de-amalgamare-voluntară-adoptata-de-consiliul-comunei-cubolta-2269097.html
Drochia,Nicoreni,3625,2. 1.5K - 3K,-30.9%,"1,958",TRUE,FALSE,FALSE,FALSE,1. Initiated,https://actelocale.gov.md/ral/act/cu-privire-la-acceptarea-inițierii-procesului-de-amalgamare-voluntară-2275489.html,1. Initiated,https://actelocale.gov.md/ral/act/cu-privire-la-acceptarea-inițierii-procesului-de-amalgamare-voluntară-2275489.html
Drochia,Ochiul Alb,3626,2. 1.5K - 3K,-29.7%,"1,853",TRUE,FALSE,FALSE,FALSE,1. Initiated,https://actelocale.gov.md/ral/act/cu-privire-la-examinarea-propunerii-de-inițiere-a-procesului-de-amalgamare-voluntară-înaintată-de-consiliul-s-mihailenir-l-riscani-2277692.html,1. Initiated,https://actelocale.gov.md/ral/act/cu-privire-la-examinarea-propunerii-de-inițiere-a-procesului-de-amalgamare-voluntară-înaintată-de-consiliul-s-mihailenir-l-riscani-2277692.html
Drochia,Orașul Drochia,3601,5. > 10K,-1.6%,"12,939",TRUE,FALSE,FALSE,FALSE,,,0. Unclear or Not Initiated,0. Not Checked
Drochia,Palanca,3627,1. < 1500,-32.2%,485,TRUE,FALSE,FALSE,FALSE,1. Initiated,https://actelocale.gov.md/ral/act/cu-privire-la-acceptarea-propunerii-de-amalgamare-voluntară-2264625.html,1. Initiated,https://actelocale.gov.md/ral/act/cu-privire-la-acceptarea-propunerii-de-amalgamare-voluntară-2264625.html
Drochia,Pelinia,7135,3. 3K - 5K,-33.6%,"4,913",TRUE,FALSE,FALSE,FALSE,5. Adopted,https://actelocale.gov.md/ral/act/cu-privire-la-iniţierea-procesului-de-amalgamare-voluntară-a-unităţilor-administrativ-teritoriale-2268201.html,5. Adopted,https://actelocale.gov.md/ral/act/cu-privire-la-iniţierea-procesului-de-amalgamare-voluntară-a-unităţilor-administrativ-teritoriale-2268201.html
Drochia,Pervomaiscoe,3630,1. < 1500,-45.3%,490,TRUE,FALSE,FALSE,FALSE,1. Initiated,https://actelocale.gov.md/ral/act/cu-privire-la-modificarea-deciziei-nr31-din-15052026-cu-privire-la-acceptarea-procesului-de-amalgamare-voluntară-2248535.html,1. Initiated,https://actelocale.gov.md/ral/act/cu-privire-la-modificarea-deciziei-nr31-din-15052026-cu-privire-la-acceptarea-procesului-de-amalgamare-voluntară-2248535.html
Drochia,Petreni,3631,1. < 1500,-35.8%,643,TRUE,FALSE,FALSE,FALSE,,,0. Unclear or Not Initiated,0. Not Checked
Drochia,Popeștii de Jos,3633,1. < 1500,-39.5%,"1,067",TRUE,FALSE,FALSE,FALSE,1. Initiated,https://actelocale.gov.md/ral/act/cu-privire-la-acceptarea-propunerii-de-inițierea-procesului-de-amalgamare-voluntară-2258405.html,1. Initiated,https://actelocale.gov.md/ral/act/cu-privire-la-acceptarea-propunerii-de-inițierea-procesului-de-amalgamare-voluntară-2258405.html
Drochia,Popeștii de Sus,3634,1. < 1500,-41.4%,857,TRUE,FALSE,FALSE,FALSE,1. Initiated,https://actelocale.gov.md/ral/act/cu-privire-la-amalgamare-voluntară-2245831.html,1. Initiated,https://actelocale.gov.md/ral/act/cu-privire-la-amalgamare-voluntară-2245831.html
Drochia,Şalvirii Vechi,3636,1. < 1500,-35.2%,474,TRUE,FALSE,FALSE,FALSE,3. Draft Consultation,https://actelocale.gov.md/ral/act/cu-privire-la-consultarea-publică-a-proiectului-de-decizie-a-consiliului-comunal-Șalvirii-vechi-cu-privire-la-amalgamarea-voluntară-a-unităților-administrativ-teritoriale-comuna-Șalvirii-vechi-satul-maramonovca-satul-mîndîc-2303171.html,3. Draft Consultation,https://actelocale.gov.md/ral/act/cu-privire-la-consultarea-publică-a-proiectului-de-decizie-a-consiliului-comunal-Șalvirii-vechi-cu-privire-la-amalgamarea-voluntară-a-unităților-administrativ-teritoriale-comuna-Șalvirii-vechi-satul-maramonovca-satul-mîndîc-2303171.html
Drochia,Sofia,3635,2. 1.5K - 3K,-32.4%,"2,798",TRUE,3635,https://actelocale.gov.md/ral/act/cu-privire-la-amalgamarea-voluntară-a-unităților-administrativ-teritoriale-sofia-miciurin-2291823.html,5. Adopted,5. Adopted,,5. Adopted,https://actelocale.gov.md/ral/act/cu-privire-la-amalgamarea-voluntară-a-unităților-administrativ-teritoriale-sofia-miciurin-2291823.html
Drochia,Şuri,3639,2. 1.5K - 3K,-30.2%,"2,859",TRUE,FALSE,FALSE,FALSE,1. Initiated,https://actelocale.gov.md/ral/act/cu-privire-la-examinarea-propunerii-de-inițiere-a-procesului-de-amalgamare-voluntară-înaintată-de-consiliul-local-al-s-chetrosur-drochia-2297600.html,1. Initiated,https://actelocale.gov.md/ral/act/cu-privire-la-examinarea-propunerii-de-inițiere-a-procesului-de-amalgamare-voluntară-înaintată-de-consiliul-local-al-s-chetrosur-drochia-2297600.html
Drochia,Țarigrad,3641,2. 1.5K - 3K,-32.9%,"2,682",TRUE,FALSE,FALSE,FALSE,1. Initiated,https://actelocale.gov.md/ral/act/cu-privire-la-modificarea-deciziei-nr218-din-25032026cu-privire-la-inițierea-procesului-de-amalgamare-voluntară-2240648.html,1. Initiated,https://actelocale.gov.md/ral/act/cu-privire-la-modificarea-deciziei-nr218-din-25032026cu-privire-la-inițierea-procesului-de-amalgamare-voluntară-2240648.html
Drochia,Zgurița,3642,1. < 1500,-32.5%,"1,394",TRUE,FALSE,FALSE,FALSE,1. Initiated,https://actelocale.gov.md/ral/act/cu-privire-la-iniţierea-procesului-de-amalgamare-voluntară-2241242.html,1. Initiated,https://actelocale.gov.md/ral/act/cu-privire-la-iniţierea-procesului-de-amalgamare-voluntară-2241242.html
Dubăsari,Cocieri,3810,3. 3K - 5K,-21.0%,"3,068",TRUE,FALSE,FALSE,FALSE,1. Initiated,https://actelocale.gov.md/ral/act/cu-privire-la-inițierea-procesului-de-amalgamare-voluntară-2255870.html,1. Initiated,https://actelocale.gov.md/ral/act/cu-privire-la-inițierea-procesului-de-amalgamare-voluntară-2255870.html
Dubăsari,Coșnița,3818,3. 3K - 5K,-19.2%,"4,481",TRUE,FALSE,FALSE,FALSE,,,0. Unclear or Not Initiated,0. Not Checked
Dubăsari,Doroţcaia,3828,2. 1.5K - 3K,-17.5%,"2,506",TRUE,FALSE,FALSE,FALSE,1. Initiated,https://actelocale.gov.md/ral/act/cu-privire-la-iniţierea-procesului-de-amalgamare-voluntară-2255984.html,1. Initiated,https://actelocale.gov.md/ral/act/cu-privire-la-iniţierea-procesului-de-amalgamare-voluntară-2255984.html
Dubăsari,Holercani,3835,2. 1.5K - 3K,-33.7%,"1,505",TRUE,FALSE,FALSE,FALSE,1. Initiated,https://actelocale.gov.md/ral/act/cu-privire-la-iniţierea-procesului-de-amalgamare-voluntară-2244171.html,1. Initiated,https://actelocale.gov.md/ral/act/cu-privire-la-iniţierea-procesului-de-amalgamare-voluntară-2244171.html
Dubăsari,Marcăuţi,3837,1. < 1500,-34.3%,466,TRUE,FALSE,FALSE,FALSE,1. Initiated,https://actelocale.gov.md/ral/act/cu-privire-la-inițierea-procesului-de-amalgamare-voluntară-2245304.html,1. Initiated,https://actelocale.gov.md/ral/act/cu-privire-la-inițierea-procesului-de-amalgamare-voluntară-2245304.html
Dubăsari,Molovata,3838,2. 1.5K - 3K,-33.3%,"1,706",TRUE,FALSE,FALSE,FALSE,,,0. Unclear or Not Initiated,0. Not Checked
Dubăsari,Molovata Nouă,3839,2. 1.5K - 3K,-20.6%,"1,585",TRUE,FALSE,FALSE,FALSE,,,0. Unclear or Not Initiated,0. Not Checked
Dubăsari,Oxentea,3841,2. 1.5K - 3K,-33.2%,"1,680",TRUE,FALSE,FALSE,FALSE,,,0. Unclear or Not Initiated,0. Not Checked
Dubăsari,Pîrîta,3842,2. 1.5K - 3K,-27.6%,"2,472",TRUE,FALSE,FALSE,FALSE,1. Initiated,https://actelocale.gov.md/ral/act/cu-privire-la-iniţierea-procesuluide-amalgamare-voluntară-2252821.html,1. Initiated,https://actelocale.gov.md/ral/act/cu-privire-la-iniţierea-procesuluide-amalgamare-voluntară-2252821.html
Dubăsari,Ustia,3844,2. 1.5K - 3K,-30.8%,"2,312",TRUE,FALSE,FALSE,FALSE,1. Initiated,https://actelocale.gov.md/ral/act/cu-privire-la-inițierea-procesului-de-amalgamare-voluntară-2240003.html,1. Initiated,https://actelocale.gov.md/ral/act/cu-privire-la-inițierea-procesului-de-amalgamare-voluntară-2240003.html
Edineț,Alexeevca,4153,1. < 1500,-21.5%,488,TRUE,FALSE,FALSE,FALSE,1. Initiated,https://actelocale.gov.md/ral/act/cu-privire-la-modificarea-deciziei-nr-35-din-26062026-cu-privire-la-iniţierea-procesului-de-amalgamare-voluntară-2290124.html,1. Initiated,https://actelocale.gov.md/ral/act/cu-privire-la-modificarea-deciziei-nr-35-din-26062026-cu-privire-la-iniţierea-procesului-de-amalgamare-voluntară-2290124.html
Edineț,Bădragii Noi,4117,1. < 1500,-40.3%,653,TRUE,FALSE,FALSE,FALSE,1. Initiated,https://actelocale.gov.md/ral/act/cu-privire-la-modificarea-și-completarea-deciziei-nr32-din-25032026-cu-privire-la-inițierea-procesului-de-amalgamare-voluntară-2266283.html,1. Initiated,https://actelocale.gov.md/ral/act/cu-privire-la-modificarea-și-completarea-deciziei-nr32-din-25032026-cu-privire-la-inițierea-procesului-de-amalgamare-voluntară-2266283.html
Edineț,Bădragii Vechi,4118,1. < 1500,-38.3%,382,TRUE,FALSE,FALSE,FALSE,1. Initiated,https://actelocale.gov.md/ral/act/cu-privire-la-inițierea-procesului-de-amalgamare-voluntară-2244214.html,1. Initiated,https://actelocale.gov.md/ral/act/cu-privire-la-inițierea-procesului-de-amalgamare-voluntară-2244214.html
Edineț,Bleșteni,4112,1. < 1500,-30.6%,"1,088",TRUE,FALSE,FALSE,FALSE,1. Initiated,https://actelocale.gov.md/ral/act/cu-privire-la-modificarea-deciziei-consiliului-comunal-bleșteni-nr22-din-09032026-cu-privire-la-inițierea-procesului-de-amalgamare-voluntară-2278424.html,1. Initiated,https://actelocale.gov.md/ral/act/cu-privire-la-modificarea-deciziei-consiliului-comunal-bleșteni-nr22-din-09032026-cu-privire-la-inițierea-procesului-de-amalgamare-voluntară-2278424.html
Edineț,Brătușeni,4114,3. 3K - 5K,-24.0%,"3,625",TRUE,FALSE,FALSE,FALSE,1. Initiated,https://actelocale.gov.md/ral/act/cu-privire-la-inițierea-procesului-de-amalgamare-voluntară-2274616.html,1. Initiated,https://actelocale.gov.md/ral/act/cu-privire-la-inițierea-procesului-de-amalgamare-voluntară-2274616.html
Edineț,Brînzeni,4116,1. < 1500,-34.2%,983,TRUE,FALSE,FALSE,FALSE,1. Initiated,https://actelocale.gov.md/ral/act/cu-privire-la-iniţierea-procesului-de-amalgamare-voluntară-2240768.html,1. Initiated,https://actelocale.gov.md/ral/act/cu-privire-la-iniţierea-procesului-de-amalgamare-voluntară-2240768.html
Edineț,Burlănești,4120,1. < 1500,-35.1%,"1,067",TRUE,FALSE,FALSE,FALSE,1. Initiated,https://actelocale.gov.md/ral/act/cu-privire-la-inițierea-procesului-de-amalgamare-voluntară-2243125.html,1. Initiated,https://actelocale.gov.md/ral/act/cu-privire-la-inițierea-procesului-de-amalgamare-voluntară-2243125.html
Edineț,Cepeleuți,6216,1. < 1500,-32.7%,834,TRUE,FALSE,FALSE,FALSE,1. Initiated,https://actelocale.gov.md/ral/act/cu-privire-la-modificarea-deciziei-nr31-din-02-iunie-2026cu-privire-la-inițierea-procesului-de-amalgamare-voluntară-2292271.html,1. Initiated,https://actelocale.gov.md/ral/act/cu-privire-la-modificarea-deciziei-nr31-din-02-iunie-2026cu-privire-la-inițierea-procesului-de-amalgamare-voluntară-2292271.html
Edineț,Chetroșica Nouă,4122,1. < 1500,-41.1%,629,TRUE,FALSE,FALSE,FALSE,,,0. Unclear or Not Initiated,0. Not Checked
Edineț,Constantinovca,4149,1. < 1500,-36.7%,340,TRUE,FALSE,FALSE,FALSE,,,0. Unclear or Not Initiated,0. Not Checked
Edineț,Corpaci,4124,1. < 1500,-26.6%,837,TRUE,FALSE,FALSE,FALSE,1. Initiated,https://actelocale.gov.md/ral/act/cu-privire-la-inițierea-procesului-de-amalgamare-voluntară-2243114.html,1. Initiated,https://actelocale.gov.md/ral/act/cu-privire-la-inițierea-procesului-de-amalgamare-voluntară-2243114.html
Edineț,Cuconeștii Noi,4125,1. < 1500,-35.0%,"1,215",TRUE,FALSE,FALSE,FALSE,,,0. Unclear or Not Initiated,0. Not Checked
Edineț,Cupcini,4102,4. 5K - 10K,-23.6%,"5,493",TRUE,FALSE,FALSE,FALSE,1. Initiated,https://actelocale.gov.md/ral/act/cu-privire-la-inițierea-procesului-de-amalgamare-voluntară-a-orașușui-cupcini-cu-satul-chetroșica-nouă-2302211.html,1. Initiated,https://actelocale.gov.md/ral/act/cu-privire-la-inițierea-procesului-de-amalgamare-voluntară-a-orașușui-cupcini-cu-satul-chetroșica-nouă-2302211.html
Edineț,Edineț,4101,5. > 10K,-20.3%,"12,369",TRUE,FALSE,FALSE,FALSE,,,0. Unclear or Not Initiated,0. Not Checked
Edineț,Fetești,4127,2. 1.5K - 3K,-36.5%,"1,653",TRUE,FALSE,FALSE,FALSE,1. Initiated,https://actelocale.gov.md/ral/act/cu-privire-la-modelafea-deciziei-consiliului-local-nr-051-din-26052026-cu-privire-la-inițierea-procesului-de-amalgamare-voluntară-2293685.html,1. Initiated,https://actelocale.gov.md/ral/act/cu-privire-la-modelafea-deciziei-consiliului-local-nr-051-din-26052026-cu-privire-la-inițierea-procesului-de-amalgamare-voluntară-2293685.html
Edineț,Gaşpar,4128,1. < 1500,-33.3%,847,TRUE,FALSE,FALSE,FALSE,1. Initiated,https://actelocale.gov.md/ral/act/cu-privire-la-inițierea-procesului-de-amalgamare-voluntară-2285735.html,1. Initiated,https://actelocale.gov.md/ral/act/cu-privire-la-inițierea-procesului-de-amalgamare-voluntară-2285735.html
Edineț,Goleni,4129,1. < 1500,-25.4%,717,TRUE,FALSE,FALSE,FALSE,1. Initiated,https://actelocale.gov.md/ral/act/cu-privire-la-inițierea-procesului-de-amalgamare-voluntară-2270731.html,1. Initiated,https://actelocale.gov.md/ral/act/cu-privire-la-inițierea-procesului-de-amalgamare-voluntară-2270731.html
Edineț,Gordinești,4130,2. 1.5K - 3K,-34.9%,"2,012",TRUE,FALSE,FALSE,FALSE,1. Initiated,https://actelocale.gov.md/ral/act/cu-privire-la-inițierea-procesului-de-amalgamare-voluntară-2276659.html,1. Initiated,https://actelocale.gov.md/ral/act/cu-privire-la-inițierea-procesului-de-amalgamare-voluntară-2276659.html
Edineț,Hancăuţi,4131,1. < 1500,-34.6%,647,TRUE,FALSE,FALSE,FALSE,1. Initiated,https://actelocale.gov.md/ral/act/cu-privire-la-inițierea-procesului-de-amalgamare-voluntară-2243739.html,1. Initiated,https://actelocale.gov.md/ral/act/cu-privire-la-inițierea-procesului-de-amalgamare-voluntară-2243739.html
Edineț,Hincăuţi,4132,1. < 1500,-30.2%,"1,042",TRUE,FALSE,FALSE,FALSE,1. Initiated,https://actelocale.gov.md/ral/act/cu-privire-la-modificarea-deciziei-nr21-din-30-martie-2026cu-privire-inițierea-procesului-de-amalgamare-voluntară-2286184.html,1. Initiated,https://actelocale.gov.md/ral/act/cu-privire-la-modificarea-deciziei-nr21-din-30-martie-2026cu-privire-inițierea-procesului-de-amalgamare-voluntară-2286184.html
Edineț,Hlinaia,4135,1. < 1500,-29.5%,"1,207",TRUE,FALSE,FALSE,FALSE,1. Initiated,https://actelocale.gov.md/ral/act/cu-privire-la-modificarea-deciziei-nr21-din-30-martie-2026cu-privire-inițierea-procesului-de-amalgamare-voluntară-2286184.html,1. Initiated,https://actelocale.gov.md/ral/act/cu-privire-la-modificarea-deciziei-nr21-din-30-martie-2026cu-privire-inițierea-procesului-de-amalgamare-voluntară-2286184.html
Edineț,Lopatnic,4137,1. < 1500,-32.9%,817,TRUE,FALSE,FALSE,FALSE,1. Initiated,https://actelocale.gov.md/ral/act/cu-privire-la-inițierera-procesului-de-amalgamare-voluntară-2266732.html,1. Initiated,https://actelocale.gov.md/ral/act/cu-privire-la-inițierera-procesului-de-amalgamare-voluntară-2266732.html
Edineț,Parcova,4138,1. < 1500,-32.2%,"1,483",TRUE,FALSE,FALSE,FALSE,,,0. Unclear or Not Initiated,0. Not Checked
Edineț,Rotunda,4140,1. < 1500,-30.1%,783,TRUE,FALSE,FALSE,FALSE,1. Initiated,https://actelocale.gov.md/ral/act/cu-privire-la-modificarea-deciziei-nr-21-din-13-martie-2026-cu-privire-la-inițierea-procesului-de-amalgamare-voluntară-2288406.html,1. Initiated,https://actelocale.gov.md/ral/act/cu-privire-la-modificarea-deciziei-nr-21-din-13-martie-2026-cu-privire-la-inițierea-procesului-de-amalgamare-voluntară-2288406.html
Edineț,Ruseni,4142,1. < 1500,-38.8%,"1,299",TRUE,FALSE,FALSE,FALSE,1. Initiated,https://actelocale.gov.md/ral/act/cu-privire-la-modificarea-deciziei-consiliului-local-nr-21-din-13-martie-2026-cu-privire-la-inițierea-procesului-de-amalgamare-voluntară-2253565.html,1. Initiated,https://actelocale.gov.md/ral/act/cu-privire-la-modificarea-deciziei-consiliului-local-nr-21-din-13-martie-2026-cu-privire-la-inițierea-procesului-de-amalgamare-voluntară-2253565.html
Edineț,Şofrîncani,4145,1. < 1500,-37.0%,"1,152",TRUE,FALSE,FALSE,FALSE,1. Initiated,https://actelocale.gov.md/ral/act/cu-privire-la-inițierea-procesului-de-amalgamare-voluntară-2271079.html,1. Initiated,https://actelocale.gov.md/ral/act/cu-privire-la-inițierea-procesului-de-amalgamare-voluntară-2271079.html
Edineț,Stolniceni,4144,1. < 1500,-35.8%,800,TRUE,FALSE,FALSE,FALSE,,,0. Unclear or Not Initiated,0. Not Checked
Edineț,Terebna,4146,1. < 1500,-35.8%,843,TRUE,FALSE,FALSE,FALSE,1. Initiated,https://actelocale.gov.md/ral/act/cu-privire-la-inițierea-procesului-de-amalgamare-voluntară-2255183.html,1. Initiated,https://actelocale.gov.md/ral/act/cu-privire-la-inițierea-procesului-de-amalgamare-voluntară-2255183.html
Edineț,Tîrnova,4147,1. < 1500,-38.9%,"1,200",TRUE,FALSE,FALSE,FALSE,1. Initiated,https://actelocale.gov.md/ral/act/cu-privire-la-inițierea-procesului-de-amalgamare-voluntară-2273227.html,1. Initiated,https://actelocale.gov.md/ral/act/cu-privire-la-inițierea-procesului-de-amalgamare-voluntară-2273227.html
Edineț,Trinca,4148,2. 1.5K - 3K,-41.4%,"1,677",TRUE,FALSE,FALSE,FALSE,1. Initiated,https://actelocale.gov.md/ral/act/cu-privire-la-inițierea-procesului-de-amalgamare-voluntară-2270791.html,1. Initiated,https://actelocale.gov.md/ral/act/cu-privire-la-inițierea-procesului-de-amalgamare-voluntară-2270791.html
Edineț,Viișoara,4151,1. < 1500,-30.1%,939,TRUE,FALSE,FALSE,FALSE,1. Initiated,https://actelocale.gov.md/ral/act/cu-privire-la-inițierea-procesului-de-amalgamare-voluntară-2259925.html,1. Initiated,https://actelocale.gov.md/ral/act/cu-privire-la-inițierea-procesului-de-amalgamare-voluntară-2259925.html
Edineț,Zăbriceni,4152,1. < 1500,-39.1%,"1,308",TRUE,FALSE,FALSE,FALSE,,,0. Unclear or Not Initiated,0. Not Checked
Fălești,Albinețul Vechi,4310,2. 1.5K - 3K,-27.6%,"1,755",TRUE,FALSE,FALSE,FALSE,2. Working Group,https://actelocale.gov.md/ral/act/cu-privire-la-solicitarea-transferului-pentru-susținerea-procesului-de-amalgamare-voluntară-2302226.html,2. Working Group,https://actelocale.gov.md/ral/act/cu-privire-la-solicitarea-transferului-pentru-susținerea-procesului-de-amalgamare-voluntară-2302226.html
Fălești,Bocani,4314,1. < 1500,-31.0%,783,TRUE,FALSE,FALSE,FALSE,1. Initiated,https://actelocale.gov.md/ral/act/cu-privire-la-modificarea-și-completarea-deciziei-nr18-din-27022026-cu-privire-la-inițierea-procesului-de-amalgamare-voluntară-2256980.html,1. Initiated,https://actelocale.gov.md/ral/act/cu-privire-la-modificarea-și-completarea-deciziei-nr18-din-27022026-cu-privire-la-inițierea-procesului-de-amalgamare-voluntară-2256980.html
Fălești,Călinești (Merged),9998,3. 3K - 5K,,"3,219",FALSE,FALSE,FALSE,FALSE,,,0. Unclear or Not Initiated,0. Not Checked
Fălești,Călugăr,4319,2. 1.5K - 3K,-34.0%,"1,733",TRUE,FALSE,FALSE,FALSE,2. Working Group,https://actelocale.gov.md/ral/act/cu-privire-la-solicitarea-transferului-pentru-susținerea-procesului-de-amalgamare-voluntară-2284503.html,2. Working Group,https://actelocale.gov.md/ral/act/cu-privire-la-solicitarea-transferului-pentru-susținerea-procesului-de-amalgamare-voluntară-2284503.html
Fălești,Catranîc,4341,1. < 1500,-35.5%,783,TRUE,FALSE,FALSE,FALSE,5. Adopted,https://actelocale.gov.md/ral/act/cu-privire-la-amalgamarea-voluntară-a-unităților-administrativ-teritoriale-s-catranîc-com-ișcălău-s-bocani-com-pietrosu-2302399.html,5. Adopted,https://actelocale.gov.md/ral/act/cu-privire-la-amalgamarea-voluntară-a-unităților-administrativ-teritoriale-s-catranîc-com-ișcălău-s-bocani-com-pietrosu-2302399.html
Fălești,Ciolacu Nou,4323,2. 1.5K - 3K,-45.4%,"1,615",TRUE,FALSE,FALSE,FALSE,,,0. Unclear or Not Initiated,0. Not Checked
Fălești,Egorovca,4328,1. < 1500,-28.0%,"1,223",TRUE,FALSE,FALSE,FALSE,,,0. Unclear or Not Initiated,0. Not Checked
Fălești,Fălești,4301,5. > 10K,-1.1%,"11,946",TRUE,FALSE,FALSE,FALSE,5. Adopted,https://actelocale.gov.md/ral/act/cu-privire-la-amalgamarea-voluntară-a-unităților-administrativ-teritoriale-a-orașului-fălești-cu-satele-musteațailenuța-și-comunele-pînzărenicălugărfăleștii-noi-participante-la-procesul-de-amalgamare-voluntară-2303424.html,5. Adopted,https://actelocale.gov.md/ral/act/cu-privire-la-amalgamarea-voluntară-a-unităților-administrativ-teritoriale-a-orașului-fălești-cu-satele-musteațailenuța-și-comunele-pînzărenicălugărfăleștii-noi-participante-la-procesul-de-amalgamare-voluntară-2303424.html
Fălești,Făleștii Noi,4330,2. 1.5K - 3K,-24.2%,"1,567",TRUE,FALSE,FALSE,FALSE,2. Working Group,https://actelocale.gov.md/ral/act/cu-privire-la-solicitarea-transferului-pentru-susținerea-procesului-de-amalgamare-voluntară-2280498.html,2. Working Group,https://actelocale.gov.md/ral/act/cu-privire-la-solicitarea-transferului-pentru-susținerea-procesului-de-amalgamare-voluntară-2280498.html
Fălești,Glinjeni,4332,2. 1.5K - 3K,-34.8%,"2,092",TRUE,FALSE,FALSE,FALSE,1. Initiated,https://actelocale.gov.md/ral/act/cu-privire-la-modificarea-deciziei-26-din-23022026cu-privire-la-initierea-procesului-de-amalgamare-voluntara-2244378.html,1. Initiated,https://actelocale.gov.md/ral/act/cu-privire-la-modificarea-deciziei-26-din-23022026cu-privire-la-initierea-procesului-de-amalgamare-voluntara-2244378.html
Fălești,Hiliuți,4333,1. < 1500,-29.4%,"1,405",TRUE,FALSE,FALSE,FALSE,2. Working Group,https://actelocale.gov.md/ral/act/cu-privire-la-solicitarea-transferului-pentru-susținerea-procesului-de-amalgamare-voluntară-2272122.html,2. Working Group,https://actelocale.gov.md/ral/act/cu-privire-la-solicitarea-transferului-pentru-susținerea-procesului-de-amalgamare-voluntară-2272122.html
Fălești,Horești,4335,1. < 1500,-39.2%,642,TRUE,FALSE,FALSE,FALSE,1. Initiated,https://actelocale.gov.md/ral/act/cu-privire-la-modificarea-deciziei-nr-51-din-29072025-cu-privire-la-inițierea-procesului-de-amalgamare-voluntară-2277208.html,1. Initiated,https://actelocale.gov.md/ral/act/cu-privire-la-modificarea-deciziei-nr-51-din-29072025-cu-privire-la-inițierea-procesului-de-amalgamare-voluntară-2277208.html
Fălești,Ilenuța,4338,1. < 1500,-26.5%,"1,024",TRUE,FALSE,FALSE,FALSE,2. Working Group,https://actelocale.gov.md/ral/act/cu-privire-la-solicitarea-transferului-pentru-susținerea-procesului-de-amalgamare-voluntară-2278492.html,2. Working Group,https://actelocale.gov.md/ral/act/cu-privire-la-solicitarea-transferului-pentru-susținerea-procesului-de-amalgamare-voluntară-2278492.html
Fălești,Işcălău,4339,2. 1.5K - 3K,-37.5%,"1,526",TRUE,FALSE,FALSE,FALSE,5. Adopted,https://actelocale.gov.md/ral/act/cu-privire-la-amalgamarea-voluntară-a-unităților-administrativ-teritoriale-scatranîc-com-ișcălău-sbocani-compietrosu-2301215.html,5. Adopted,https://actelocale.gov.md/ral/act/cu-privire-la-amalgamarea-voluntară-a-unităților-administrativ-teritoriale-scatranîc-com-ișcălău-sbocani-compietrosu-2301215.html
Fălești,Izvoare,4343,1. < 1500,-32.6%,"1,262",TRUE,FALSE,FALSE,FALSE,,,0. Unclear or Not Initiated,0. Not Checked
Fălești,Logofteni,4344,1. < 1500,-41.8%,662,TRUE,FALSE,FALSE,FALSE,2. Working Group,https://actelocale.gov.md/ral/act/cu-privire-la-solicitarea-transferului-pentru-susţinerea-procesului-de-amalgamare-2301595.html,2. Working Group,https://actelocale.gov.md/ral/act/cu-privire-la-solicitarea-transferului-pentru-susţinerea-procesului-de-amalgamare-2301595.html
Fălești,Mărăndeni,4345,2. 1.5K - 3K,-29.1%,"1,592",TRUE,FALSE,FALSE,FALSE,,,0. Unclear or Not Initiated,0. Not Checked
Fălești,Musteața,4346,1. < 1500,-38.5%,853,TRUE,FALSE,FALSE,FALSE,5. Adopted,https://actelocale.gov.md/ral/act/cu-privire-la-amalgamarea-voluntară-a-unităților-administrativ-teritoriale-a-satului-musteața-cu-oraşul-făleştisatul-ilenuța-și-comunele-pînzăreni-călugăr-făleștii-noiparticipante-la-procesul-de-amalgamare-voluntară-2301986.html,5. Adopted,https://actelocale.gov.md/ral/act/cu-privire-la-amalgamarea-voluntară-a-unităților-administrativ-teritoriale-a-satului-musteața-cu-oraşul-făleştisatul-ilenuța-și-comunele-pînzăreni-călugăr-făleștii-noiparticipante-la-procesul-de-amalgamare-voluntară-2301986.html
Fălești,Natalievca,4347,2. 1.5K - 3K,-24.0%,"1,506",TRUE,FALSE,FALSE,FALSE,1. Initiated,https://actelocale.gov.md/ral/act/cu-privire-la-inițierea-procesului-de-amalgamare-voluntară-2249225.html,1. Initiated,https://actelocale.gov.md/ral/act/cu-privire-la-inițierea-procesului-de-amalgamare-voluntară-2249225.html
Fălești,Năvîrneţ,4353,2. 1.5K - 3K,-39.6%,"1,512",TRUE,FALSE,FALSE,FALSE,1. Initiated,https://actelocale.gov.md/ral/act/cu-privire-la-modificarea-şi-completarea-deciziei-nr1005-din-17122025-cu-privire-la-inițierea-procesului-de-amalgamare-voluntară-2247706.html,1. Initiated,https://actelocale.gov.md/ral/act/cu-privire-la-modificarea-şi-completarea-deciziei-nr1005-din-17122025-cu-privire-la-inițierea-procesului-de-amalgamare-voluntară-2247706.html
Fălești,Obreja Veche,4354,2. 1.5K - 3K,-33.4%,"1,577",TRUE,FALSE,FALSE,FALSE,1. Initiated,https://actelocale.gov.md/ral/act/cu-privire-la-inițierea-procesului-de-amalgamare-voluntară-2272472.html,1. Initiated,https://actelocale.gov.md/ral/act/cu-privire-la-inițierea-procesului-de-amalgamare-voluntară-2272472.html
Fălești,Pietrosu,4356,1. < 1500,-41.7%,473,TRUE,FALSE,FALSE,FALSE,1. Initiated,https://actelocale.gov.md/ral/act/cu-privire-la-modificarea-deciziei-nr2-2-din-13022026-cu-privire-la-inișierea-procesului-de-amalgamare-voluntară-2262542.html,1. Initiated,https://actelocale.gov.md/ral/act/cu-privire-la-modificarea-deciziei-nr2-2-din-13022026-cu-privire-la-inișierea-procesului-de-amalgamare-voluntară-2262542.html
Fălești,Pînzăreni,4359,1. < 1500,-37.7%,809,TRUE,FALSE,FALSE,FALSE,2. Working Group,https://actelocale.gov.md/ral/act/cu-privire-la-solicitarea-transferului-pentru-susținerea-procesului-de-amalgamare-voluntară-2281385.html,2. Working Group,https://actelocale.gov.md/ral/act/cu-privire-la-solicitarea-transferului-pentru-susținerea-procesului-de-amalgamare-voluntară-2281385.html
Fălești,Pîrlița,4362,2. 1.5K - 3K,-36.2%,"2,137",TRUE,FALSE,FALSE,FALSE,1. Initiated,https://actelocale.gov.md/ral/act/cu-privire-la-inițierea-procedurii-de-amalgamare-2279374.html,1. Initiated,https://actelocale.gov.md/ral/act/cu-privire-la-inițierea-procedurii-de-amalgamare-2279374.html
Fălești,Pompa,4363,1. < 1500,-31.5%,709,TRUE,FALSE,FALSE,FALSE,,,0. Unclear or Not Initiated,0. Not Checked
Fălești,Pruteni,4366,1. < 1500,-33.9%,"1,414",TRUE,FALSE,FALSE,FALSE,,,0. Unclear or Not Initiated,0. Not Checked
Fălești,Răuțel,4370,2. 1.5K - 3K,-29.4%,"2,727",TRUE,FALSE,FALSE,FALSE,5. Adopted,https://actelocale.gov.md/ral/act/cu-privire-la-amalgamarea-voluntară-a-unităților-administrativ-teritoriale-răuțel-și-hiliuți-2303863.html,5. Adopted,https://actelocale.gov.md/ral/act/cu-privire-la-amalgamarea-voluntară-a-unităților-administrativ-teritoriale-răuțel-și-hiliuți-2303863.html
Fălești,Risipeni,4371,1. < 1500,-34.9%,"1,246",TRUE,FALSE,FALSE,FALSE,1. Initiated,https://actelocale.gov.md/ral/act/cu-privire-la-modificarea-deciziei-nr0501-din-29072025-Сu-privire-la-inițierea-procesului-de-amalgamare-voluntară-2293095.html,1. Initiated,https://actelocale.gov.md/ral/act/cu-privire-la-modificarea-deciziei-nr0501-din-29072025-Сu-privire-la-inițierea-procesului-de-amalgamare-voluntară-2293095.html
Fălești,Sărata Veche,4373,3. 3K - 5K,-30.5%,"3,009",TRUE,FALSE,FALSE,FALSE,2. Working Group,https://actelocale.gov.md/ral/act/cu-privire-la-modificarea-deciziei-nr-13-din-11022025-cu-privire-la-inițierea-procesului-de-amalgamare-voluntară-2300954.html,2. Working Group,https://actelocale.gov.md/ral/act/cu-privire-la-modificarea-deciziei-nr-13-din-11022025-cu-privire-la-inițierea-procesului-de-amalgamare-voluntară-2300954.html
Fălești,Scumpia,4376,2. 1.5K - 3K,-33.1%,"2,169",TRUE,FALSE,FALSE,FALSE,1. Initiated,https://actelocale.gov.md/ral/act/cu-privire-la-inițierea-procesului-de-amalgamare-voluntară-2299613.html,1. Initiated,https://actelocale.gov.md/ral/act/cu-privire-la-inițierea-procesului-de-amalgamare-voluntară-2299613.html
Fălești,Taxobeni,4380,1. < 1500,-27.9%,"1,069",TRUE,FALSE,FALSE,FALSE,1. Initiated,https://actelocale.gov.md/ral/act/cu-privire-la-completarea-deciziei-nr-31-din-31072025-cu-privire-la-inițierea-procesului-de-amalgamare-voluntară-2251360.html,1. Initiated,https://actelocale.gov.md/ral/act/cu-privire-la-completarea-deciziei-nr-31-din-31072025-cu-privire-la-inițierea-procesului-de-amalgamare-voluntară-2251360.html
Florești,Alexeevca,4510,1. < 1500,-39.8%,704,TRUE,FALSE,FALSE,FALSE,2. Working Group,https://actelocale.gov.md/ral/act/cu-privire-la-solicitarea-transferului-pentru-susţinerea-procesului-de-amalgamare-voluntară-2255957.html,2. Working Group,https://actelocale.gov.md/ral/act/cu-privire-la-solicitarea-transferului-pentru-susţinerea-procesului-de-amalgamare-voluntară-2255957.html
Florești,Băhrinești,4514,1. < 1500,-29.4%,"1,382",TRUE,FALSE,FALSE,FALSE,,,0. Unclear or Not Initiated,0. Not Checked
Florești,Caşunca,4515,1. < 1500,-34.1%,"1,162",TRUE,FALSE,FALSE,FALSE,,,0. Unclear or Not Initiated,0. Not Checked
Florești,Cernița,4516,1. < 1500,-38.8%,545,TRUE,4516,https://www.facebook.com/AlexeiBuzuGov/posts/pfbid02wEwg3kfaekDgBR8p9q8vPi7v999iajdB4zEKmbwQshxnoE6AQD9EzdRLoh8pb4gQl,5. Adopted,5. Adopted,,5. Adopted,https://www.facebook.com/AlexeiBuzuGov/posts/pfbid02wEwg3kfaekDgBR8p9q8vPi7v999iajdB4zEKmbwQshxnoE6AQD9EzdRLoh8pb4gQl
Florești,Ciripcău,4517,1. < 1500,-36.8%,681,TRUE,4517,https://www.facebook.com/AlexeiBuzuGov/posts/pfbid02wEwg3kfaekDgBR8p9q8vPi7v999iajdB4zEKmbwQshxnoE6AQD9EzdRLoh8pb4gQl,5. Adopted,5. Adopted,,5. Adopted,https://www.facebook.com/AlexeiBuzuGov/posts/pfbid02wEwg3kfaekDgBR8p9q8vPi7v999iajdB4zEKmbwQshxnoE6AQD9EzdRLoh8pb4gQl
Florești,Ciutulești,4518,2. 1.5K - 3K,-38.4%,"1,832",TRUE,FALSE,FALSE,FALSE,,,0. Unclear or Not Initiated,0. Not Checked
Florești,Coșernița,4522,1. < 1500,-41.1%,914,TRUE,4522,https://www.facebook.com/AlexeiBuzuGov/posts/pfbid02wEwg3kfaekDgBR8p9q8vPi7v999iajdB4zEKmbwQshxnoE6AQD9EzdRLoh8pb4gQl,5. Adopted,5. Adopted,,5. Adopted,https://www.facebook.com/AlexeiBuzuGov/posts/pfbid02wEwg3kfaekDgBR8p9q8vPi7v999iajdB4zEKmbwQshxnoE6AQD9EzdRLoh8pb4gQl
Florești,Cuhureștii de Jos,1916,1. < 1500,-39.3%,"1,177",TRUE,FALSE,FALSE,FALSE,,,0. Unclear or Not Initiated,0. Not Checked
Florești,Cuhureștii de Sus,1918,1. < 1500,-32.1%,"1,475",TRUE,FALSE,FALSE,FALSE,,,0. Unclear or Not Initiated,0. Not Checked
Florești,Cunicea,1921,2. 1.5K - 3K,-46.0%,"1,656",TRUE,FALSE,FALSE,FALSE,,,0. Unclear or Not Initiated,0. Not Checked
Florești,Domulgeni,4523,1. < 1500,-29.8%,932,TRUE,4523,https://radiochisinau.md/cinci-localitati-din-floresti-si-soldanesti-au-decis-sa-se-uneasca-intro-singura-primarie-circa-26-de-milioane-de-lei-oferite-de-guvern-pentru-dezvoltare---226071.html,5. Adopted,5. Adopted,,5. Adopted,https://radiochisinau.md/cinci-localitati-din-floresti-si-soldanesti-au-decis-sa-se-uneasca-intro-singura-primarie-circa-26-de-milioane-de-lei-oferite-de-guvern-pentru-dezvoltare---226071.html
Florești,Florești,4501,5. > 10K,-8.9%,"10,925",TRUE,FALSE,FALSE,FALSE,2. Working Group,https://actelocale.gov.md/ral/act/cu-privire-la-solicitarea-transferului-pentru-susținerea-procesului-de-amalgamare-voluntară-2281267.html,2. Working Group,https://actelocale.gov.md/ral/act/cu-privire-la-solicitarea-transferului-pentru-susținerea-procesului-de-amalgamare-voluntară-2281267.html
Florești,Frumușica,4524,1. < 1500,-53.0%,731,TRUE,FALSE,FALSE,FALSE,1. Initiated,https://actelocale.gov.md/ral/act/cu-privire-la-acceptarea-propunerii-de-iniţiere-a-procesului-de-amalgamare-voluntară-2247753.html,1. Initiated,https://actelocale.gov.md/ral/act/cu-privire-la-acceptarea-propunerii-de-iniţiere-a-procesului-de-amalgamare-voluntară-2247753.html
Florești,Ghindești,4527,2. 1.5K - 3K,-28.3%,"1,558",TRUE,4527,https://radiochisinau.md/cinci-localitati-din-floresti-si-soldanesti-au-decis-sa-se-uneasca-intro-singura-primarie-circa-26-de-milioane-de-lei-oferite-de-guvern-pentru-dezvoltare---226071.html,5. Adopted,5. Adopted,,5. Adopted,https://radiochisinau.md/cinci-localitati-din-floresti-si-soldanesti-au-decis-sa-se-uneasca-intro-singura-primarie-circa-26-de-milioane-de-lei-oferite-de-guvern-pentru-dezvoltare---226071.html
Florești,Gura Căinarului,4533,1. < 1500,-30.4%,"1,206",TRUE,FALSE,FALSE,FALSE,,,0. Unclear or Not Initiated,0. Not Checked
Florești,Gura Camencii,4530,2. 1.5K - 3K,-26.0%,"2,232",TRUE,4530,https://www.facebook.com/AlexeiBuzuGov/posts/pfbid02wEwg3kfaekDgBR8p9q8vPi7v999iajdB4zEKmbwQshxnoE6AQD9EzdRLoh8pb4gQl,5. Adopted,5. Adopted,,5. Adopted,https://www.facebook.com/AlexeiBuzuGov/posts/pfbid02wEwg3kfaekDgBR8p9q8vPi7v999iajdB4zEKmbwQshxnoE6AQD9EzdRLoh8pb4gQl
Florești,Iliciovca,4535,1. < 1500,-45.4%,721,TRUE,FALSE,FALSE,FALSE,,,0. Unclear or Not Initiated,0. Not Checked
Florești,Izvoare,4537,1. < 1500,-37.0%,"1,004",TRUE,FALSE,FALSE,FALSE,2. Working Group,https://actelocale.gov.md/ral/act/cu-privire-la-abrogarea-deciziei-consiliului-com-iliciovca-nr-0301-din-26052026cu-privire-la-constituirea-grupului-de-lucru-pentru-inițierea-procesului-voluntar-de-amalgamare-a-uat-2274658.html,2. Working Group,https://actelocale.gov.md/ral/act/cu-privire-la-abrogarea-deciziei-consiliului-com-iliciovca-nr-0301-din-26052026cu-privire-la-constituirea-grupului-de-lucru-pentru-inițierea-procesului-voluntar-de-amalgamare-a-uat-2274658.html
Florești,Japca,1927,1. < 1500,-40.9%,880,TRUE,FALSE,FALSE,FALSE,,,0. Unclear or Not Initiated,0. Not Checked
Florești,Lunga,4540,1. < 1500,-25.4%,"1,154",TRUE,FALSE,FALSE,FALSE,3. Draft Consultation,https://actelocale.gov.md/ral/act/cu-privire-la-inițierea-procedurii-de-consultare-publică-a-proiectului-de-decizie-a-consiliului-local-lunga-2298763.html,3. Draft Consultation,https://actelocale.gov.md/ral/act/cu-privire-la-inițierea-procedurii-de-consultare-publică-a-proiectului-de-decizie-a-consiliului-local-lunga-2298763.html
Florești,Mărculești,4541,1. < 1500,-32.0%,514,TRUE,FALSE,FALSE,FALSE,2. Working Group,https://actelocale.gov.md/ral/act/cu-privire-la-solicitarea-transferului-pentru-susținerea-procesului-de-amalgamare-voluntară-2275233.html,2. Working Group,https://actelocale.gov.md/ral/act/cu-privire-la-solicitarea-transferului-pentru-susținerea-procesului-de-amalgamare-voluntară-2275233.html
Florești,Napadova,1929,1. < 1500,-37.3%,562,TRUE,FALSE,FALSE,FALSE,1. Initiated,https://actelocale.gov.md/ral/act/cu-privire-la-modificarea-şi-completarea-deciziei-consiliului-sătesc-năpadova-nr-31-din-27032026-cu-privire-la-acceptarea-propunerii-de-iniţiere-a-procesului-de-amalgamare-voluntară-2264525.html,1. Initiated,https://actelocale.gov.md/ral/act/cu-privire-la-modificarea-şi-completarea-deciziei-consiliului-sătesc-năpadova-nr-31-din-27032026-cu-privire-la-acceptarea-propunerii-de-iniţiere-a-procesului-de-amalgamare-voluntară-2264525.html
Florești,Nicolaevca,4542,1. < 1500,-36.0%,591,TRUE,FALSE,FALSE,FALSE,,,0. Unclear or Not Initiated,0. Not Checked
Florești,Orașul Ghindești,4502,1. < 1500,-24.1%,"1,251",TRUE,4502,https://radiochisinau.md/cinci-localitati-din-floresti-si-soldanesti-au-decis-sa-se-uneasca-intro-singura-primarie-circa-26-de-milioane-de-lei-oferite-de-guvern-pentru-dezvoltare---226071.html,5. Adopted,5. Adopted,,5. Adopted,https://radiochisinau.md/cinci-localitati-din-floresti-si-soldanesti-au-decis-sa-se-uneasca-intro-singura-primarie-circa-26-de-milioane-de-lei-oferite-de-guvern-pentru-dezvoltare---226071.html
Florești,Orașul Mărculești,4503,1. < 1500,-24.9%,"1,049",TRUE,FALSE,FALSE,FALSE,,,0. Unclear or Not Initiated,0. Not Checked
Florești,Prajila,4544,2. 1.5K - 3K,-24.9%,"1,932",TRUE,FALSE,FALSE,FALSE,,,0. Unclear or Not Initiated,0. Not Checked
Florești,Prodănești,4548,1. < 1500,-36.0%,"1,154",TRUE,FALSE,FALSE,FALSE,5. Adopted,https://actelocale.gov.md/ral/act/cu-privire-la-amalgamarea-voluntară-a-unităților-administrativ-teritoriale-comuna-prodănești-comuna-Ștefănești-și-satul-ordășei-2303341.html,5. Adopted,https://actelocale.gov.md/ral/act/cu-privire-la-amalgamarea-voluntară-a-unităților-administrativ-teritoriale-comuna-prodănești-comuna-Ștefănești-și-satul-ordășei-2303341.html
Florești,Putinești,4550,1. < 1500,-24.4%,"1,220",TRUE,FALSE,FALSE,FALSE,,,0. Unclear or Not Initiated,0. Not Checked
Florești,Rădulenii Vechi,4551,1. < 1500,-41.7%,742,TRUE,FALSE,FALSE,FALSE,3. Draft Consultation,https://actelocale.gov.md/ral/act/cu-privire-la-desemnarea-persoanei-responsabile-de-gestionarea-platformei-participgovmd-şi-coordonarea-procesului-de-amalgamare-voluntară-2277540.html,3. Draft Consultation,https://actelocale.gov.md/ral/act/cu-privire-la-desemnarea-persoanei-responsabile-de-gestionarea-platformei-participgovmd-şi-coordonarea-procesului-de-amalgamare-voluntară-2277540.html
Florești,Roșietici,4552,1. < 1500,-35.1%,"1,418",TRUE,4552,https://radiochisinau.md/cinci-localitati-din-floresti-si-soldanesti-au-decis-sa-se-uneasca-intro-singura-primarie-circa-26-de-milioane-de-lei-oferite-de-guvern-pentru-dezvoltare---226071.html,5. Adopted,5. Adopted,,5. Adopted,https://radiochisinau.md/cinci-localitati-din-floresti-si-soldanesti-au-decis-sa-se-uneasca-intro-singura-primarie-circa-26-de-milioane-de-lei-oferite-de-guvern-pentru-dezvoltare---226071.html
Florești,Sănătăuca,1939,2. 1.5K - 3K,-29.2%,"1,623",TRUE,FALSE,FALSE,FALSE,,,0. Unclear or Not Initiated,0. Not Checked
Florești,Sevirova,4555,1. < 1500,-35.6%,768,TRUE,FALSE,FALSE,FALSE,,,0. Unclear or Not Initiated,0. Not Checked
Florești,Ștefănești,4557,1. < 1500,-40.2%,"1,396",TRUE,FALSE,FALSE,FALSE,1. Initiated,https://actelocale.gov.md/ral/act/cu-privire-la-aprobarea-propunerii-de-solicitare-a-transferului-cu-destinațiespecială-pentru-pregătirea-procesului-de-amalgamare-voluntară-2297128.html,1. Initiated,https://actelocale.gov.md/ral/act/cu-privire-la-aprobarea-propunerii-de-solicitare-a-transferului-cu-destinațiespecială-pentru-pregătirea-procesului-de-amalgamare-voluntară-2297128.html
Florești,Temeleuți,1942,1. < 1500,-33.9%,709,TRUE,FALSE,FALSE,FALSE,4. Final Meeting Scheduled,https://actelocale.gov.md/ral/act/cu-privire-la-convocarea-consiliului-local-2301734.html,4. Final Meeting Scheduled,https://actelocale.gov.md/ral/act/cu-privire-la-convocarea-consiliului-local-2301734.html
Florești,Tîrgul Vertiujeni,1943,1. < 1500,-33.3%,487,TRUE,FALSE,FALSE,FALSE,,,0. Unclear or Not Initiated,0. Not Checked
Florești,Trifănești,4559,1. < 1500,-38.4%,727,TRUE,FALSE,FALSE,FALSE,,,0. Unclear or Not Initiated,0. Not Checked
Florești,Vărvăreuca,4561,2. 1.5K - 3K,-33.5%,"1,903",TRUE,FALSE,FALSE,FALSE,2. Working Group,https://actelocale.gov.md/ral/act/cu-privire-la-solicitarea-transferului-pentru-susținerea-procesului-de-amalgamare-voluntară-2275223.html,2. Working Group,https://actelocale.gov.md/ral/act/cu-privire-la-solicitarea-transferului-pentru-susținerea-procesului-de-amalgamare-voluntară-2275223.html
Florești,Văscăuţi,1946,1. < 1500,-49.2%,503,TRUE,FALSE,FALSE,FALSE,,,0. Unclear or Not Initiated,0. Not Checked
Florești,Vertiujeni,1949,1. < 1500,-20.3%,"1,314",TRUE,FALSE,FALSE,FALSE,,,0. Unclear or Not Initiated,0. Not Checked
Florești,Zăluceni,1950,1. < 1500,-31.1%,530,TRUE,FALSE,FALSE,FALSE,,,0. Unclear or Not Initiated,0. Not Checked
Glodeni,Balatina,4811,3. 3K - 5K,-30.0%,"3,361",TRUE,FALSE,FALSE,FALSE,,,0. Unclear or Not Initiated,0. Not Checked
Glodeni,Cajba,4816,1. < 1500,-34.9%,944,TRUE,FALSE,FALSE,FALSE,1. Initiated,https://actelocale.gov.md/ral/act/cu-privire-la-inițierea-procesului-de-amalgamare-voluntară-2274999.html,1. Initiated,https://actelocale.gov.md/ral/act/cu-privire-la-inițierea-procesului-de-amalgamare-voluntară-2274999.html
Glodeni,Camenca,4817,1. < 1500,-37.0%,"1,190",TRUE,FALSE,FALSE,FALSE,1. Initiated,https://actelocale.gov.md/ral/act/cu-privire-la-inițierea-procesului-de-amalgamare-voluntară-2253109.html,1. Initiated,https://actelocale.gov.md/ral/act/cu-privire-la-inițierea-procesului-de-amalgamare-voluntară-2253109.html
Glodeni,Ciuciulea,4821,2. 1.5K - 3K,-36.5%,"1,957",TRUE,FALSE,FALSE,FALSE,1. Initiated,https://actelocale.gov.md/ral/act/cu-privire-la-iniţierea-procesului-de-amalgamre-voluntară-2233377.html,1. Initiated,https://actelocale.gov.md/ral/act/cu-privire-la-iniţierea-procesului-de-amalgamre-voluntară-2233377.html
Glodeni,Cobani,4822,1. < 1500,-36.4%,"1,434",TRUE,FALSE,FALSE,FALSE,,,0. Unclear or Not Initiated,0. Not Checked
Glodeni,Cuhnești,4823,2. 1.5K - 3K,-32.5%,"1,778",TRUE,FALSE,FALSE,FALSE,1. Initiated,https://actelocale.gov.md/ral/act/cu-privire-la-examinarea-propunerii-de-inițiere-a-procesului-de-amalgamare-voluntară-înaintată-de-consiliul-comunal-balatina-2279032.html,1. Initiated,https://actelocale.gov.md/ral/act/cu-privire-la-examinarea-propunerii-de-inițiere-a-procesului-de-amalgamare-voluntară-înaintată-de-consiliul-comunal-balatina-2279032.html
Glodeni,Danu,4827,2. 1.5K - 3K,-36.0%,"1,907",TRUE,FALSE,FALSE,FALSE,,,0. Unclear or Not Initiated,0. Not Checked
Glodeni,Dușmani,4830,1. < 1500,-31.4%,"1,199",TRUE,FALSE,FALSE,FALSE,3. Draft Consultation,https://actelocale.gov.md/ral/act/cu-privire-la-organizarea-consultărilor-publice-a-proiectului-de-decizie-privind-amalgamarea-voluntară-a-unităţilor-administrativ-teritoriale-2301702.html,3. Draft Consultation,https://actelocale.gov.md/ral/act/cu-privire-la-organizarea-consultărilor-publice-a-proiectului-de-decizie-privind-amalgamarea-voluntară-a-unităţilor-administrativ-teritoriale-2301702.html
Glodeni,Fundurii Noi,4831,1. < 1500,-25.0%,498,TRUE,FALSE,FALSE,FALSE,1. Initiated,https://actelocale.gov.md/ral/act/cu-privire-la-inițierea-procesului-de-amalgamare-voluntară-2287585.html,1. Initiated,https://actelocale.gov.md/ral/act/cu-privire-la-inițierea-procesului-de-amalgamare-voluntară-2287585.html
Glodeni,Fundurii Vechi,4832,2. 1.5K - 3K,-35.7%,"1,778",TRUE,FALSE,FALSE,FALSE,1. Initiated,https://actelocale.gov.md/ral/act/cu-privire-la-inițierea-procesului-de-amalgamare-voluntară-2288103.html,1. Initiated,https://actelocale.gov.md/ral/act/cu-privire-la-inițierea-procesului-de-amalgamare-voluntară-2288103.html
Glodeni,Glodeni,4801,4. 5K - 10K,-16.0%,"7,284",TRUE,FALSE,FALSE,FALSE,,,0. Unclear or Not Initiated,0. Not Checked
Glodeni,Hîjdieni,4833,2. 1.5K - 3K,-28.3%,"2,368",TRUE,FALSE,FALSE,FALSE,5. Adopted,https://actelocale.gov.md/ral/act/cu-privire-la-amalgamarea-voluntară-a-unităților-administrativ-teritoriale-satul-hîjdieni-satul-cobani-comuna-camenca-și-satul-cajba-2291969.html,5. Adopted,https://actelocale.gov.md/ral/act/cu-privire-la-amalgamarea-voluntară-a-unităților-administrativ-teritoriale-satul-hîjdieni-satul-cobani-comuna-camenca-și-satul-cajba-2291969.html
Glodeni,Iabloana,4834,2. 1.5K - 3K,-30.2%,"1,580",TRUE,FALSE,FALSE,FALSE,1. Initiated,https://actelocale.gov.md/ral/act/cu-privire-la-modificarea-deciziei-nr-316-din-05062026-cu-privire-la-inițierea-procesului-de-amalgamare-voluntară-2295402.html,1. Initiated,https://actelocale.gov.md/ral/act/cu-privire-la-modificarea-deciziei-nr-316-din-05062026-cu-privire-la-inițierea-procesului-de-amalgamare-voluntară-2295402.html
Glodeni,Limbenii Noi,4836,1. < 1500,-30.6%,"1,079",TRUE,FALSE,FALSE,FALSE,1. Initiated,https://actelocale.gov.md/ral/act/cu-privire-la-acceptarea-inițierii-procesului-de-amalgamare-voluntară-2297971.html,1. Initiated,https://actelocale.gov.md/ral/act/cu-privire-la-acceptarea-inițierii-procesului-de-amalgamare-voluntară-2297971.html
Glodeni,Limbenii Vechi,4837,1. < 1500,-32.6%,"1,107",TRUE,FALSE,FALSE,FALSE,1. Initiated,https://actelocale.gov.md/ral/act/cu-privire-la-completarea-deciziei-consiliului-local-limbenii-vechinr-58-din-22082025-cu-privire-la-inițierea-procesului-de-amalgamare-voluntară-2286270.html,1. Initiated,https://actelocale.gov.md/ral/act/cu-privire-la-completarea-deciziei-consiliului-local-limbenii-vechinr-58-din-22082025-cu-privire-la-inițierea-procesului-de-amalgamare-voluntară-2286270.html
Glodeni,Petrunea,4838,1. < 1500,-39.3%,"1,224",TRUE,FALSE,FALSE,FALSE,1. Initiated,https://actelocale.gov.md/ral/act/cu-privire-la-modificarea-deciziei-nr-41-din-06-mai-2026cu-privire-la-inițierea-procesului-de-amalgamare-voluntară-2286461.html,1. Initiated,https://actelocale.gov.md/ral/act/cu-privire-la-modificarea-deciziei-nr-41-din-06-mai-2026cu-privire-la-inițierea-procesului-de-amalgamare-voluntară-2286461.html
Glodeni,Sturzovca,4840,2. 1.5K - 3K,-28.6%,"2,968",TRUE,FALSE,FALSE,FALSE,,,0. Unclear or Not Initiated,0. Not Checked
Glodeni,Ustia,4841,1. < 1500,-33.5%,"1,104",TRUE,FALSE,FALSE,FALSE,1. Initiated,https://actelocale.gov.md/ral/act/cu-privire-la-completarea-deciziei-nr26-din-05032026-cu-privire-la-iniţierea-procesului-de-amalgamare-voluntară-2289985.html,1. Initiated,https://actelocale.gov.md/ral/act/cu-privire-la-completarea-deciziei-nr26-din-05032026-cu-privire-la-iniţierea-procesului-de-amalgamare-voluntară-2289985.html
Glodeni,Viișoara,4842,1. < 1500,-39.4%,"1,069",TRUE,FALSE,FALSE,FALSE,1. Initiated,https://actelocale.gov.md/ral/act/cu-privire-la-propunerea-examinării-a-unui-nou-format-a-compenenței-procesului-de-amalgamare-voluntară-2243391.html,1. Initiated,https://actelocale.gov.md/ral/act/cu-privire-la-propunerea-examinării-a-unui-nou-format-a-compenenței-procesului-de-amalgamare-voluntară-2243391.html
Hîncești,Bălceana,5310,1. < 1500,-40.2%,955,TRUE,5310,https://democracy.md/sase-localitati-din-hancesti-se-unesc-intr-o-primarie-mai-mare-investitii-de-41-milioane-de-lei/,5. Adopted,5. Adopted,,5. Adopted,https://democracy.md/sase-localitati-din-hancesti-se-unesc-intr-o-primarie-mai-mare-investitii-de-41-milioane-de-lei/
Hîncești,Bobeica,5311,2. 1.5K - 3K,-39.5%,"1,553",TRUE,FALSE,FALSE,FALSE,1. Initiated,https://actelocale.gov.md/ral/act/cu-privire-la-iniţierea-procesului-de-amalgamare-voluntară-2229379.html,1. Initiated,https://actelocale.gov.md/ral/act/cu-privire-la-iniţierea-procesului-de-amalgamare-voluntară-2229379.html
Hîncești,Boghiceni,5314,2. 1.5K - 3K,-34.9%,"1,530",TRUE,5314,https://democracy.md/sase-localitati-din-hancesti-se-unesc-intr-o-primarie-mai-mare-investitii-de-41-milioane-de-lei/,5. Adopted,5. Adopted,,5. Adopted,https://democracy.md/sase-localitati-din-hancesti-se-unesc-intr-o-primarie-mai-mare-investitii-de-41-milioane-de-lei/
Hîncești,Bozieni,5315,2. 1.5K - 3K,-35.2%,"1,559",TRUE,FALSE,FALSE,FALSE,,,0. Unclear or Not Initiated,0. Not Checked
Hîncești,Bujor,5317,2. 1.5K - 3K,-42.4%,"2,045",TRUE,FALSE,FALSE,FALSE,,,0. Unclear or Not Initiated,0. Not Checked
Hîncești,Buţeni,5318,2. 1.5K - 3K,-36.8%,"2,147",TRUE,FALSE,FALSE,FALSE,,,0. Unclear or Not Initiated,0. Not Checked
Hîncești,Călmățui,5320,1. < 1500,-34.7%,"1,048",TRUE,FALSE,FALSE,FALSE,1. Initiated,https://actelocale.gov.md/ral/act/cu-privire-la-inițierea-procesului-de-amalgamare-voluntară-2247653.html,1. Initiated,https://actelocale.gov.md/ral/act/cu-privire-la-inițierea-procesului-de-amalgamare-voluntară-2247653.html
Hîncești,Caracui,5319,1. < 1500,-42.1%,"1,342",TRUE,FALSE,FALSE,FALSE,4. Final Meeting Scheduled,https://actelocale.gov.md/ral/act/cu-privire-la-convocarea-şedinţei-extraordinare-a-consiliului-local-caracui-2299205.html,4. Final Meeting Scheduled,https://actelocale.gov.md/ral/act/cu-privire-la-convocarea-şedinţei-extraordinare-a-consiliului-local-caracui-2299205.html
Hîncești,Cărpineni,5324,4. 5K - 10K,-33.4%,"5,566",TRUE,FALSE,FALSE,FALSE,4. Final Meeting Scheduled,https://actelocale.gov.md/ral/act/cu-privire-la-organizarea-și-desfășurarea-audierilor-publicepe-teritoriul-comuneicărpineni-pe-marginea-proiectului-de-deciziecu-privire-la-amalgamarea-voluntară-a-comunei-cărpineni-cu-satele-negrea-și-sofia-2288048.html,4. Final Meeting Scheduled,https://actelocale.gov.md/ral/act/cu-privire-la-organizarea-și-desfășurarea-audierilor-publicepe-teritoriul-comuneicărpineni-pe-marginea-proiectului-de-deciziecu-privire-la-amalgamarea-voluntară-a-comunei-cărpineni-cu-satele-negrea-și-sofia-2288048.html
Hîncești,Cățeleni,6023,1. < 1500,-44.5%,705,TRUE,FALSE,FALSE,FALSE,1. Initiated,https://actelocale.gov.md/ral/act/cu-privire-la-inițierea-procesului-de-amalgamare-voluntară-2245991.html,1. Initiated,https://actelocale.gov.md/ral/act/cu-privire-la-inițierea-procesului-de-amalgamare-voluntară-2245991.html
Hîncești,Cioara,5326,1. < 1500,-31.3%,"1,475",TRUE,FALSE,FALSE,FALSE,1. Initiated,https://actelocale.gov.md/ral/act/cu-privire-la-acceptarea-inițierii-amalgamării-voluntare-2254222.html,1. Initiated,https://actelocale.gov.md/ral/act/cu-privire-la-acceptarea-inițierii-amalgamării-voluntare-2254222.html
Hîncești,Ciuciuleni,6026,2. 1.5K - 3K,-43.1%,"2,487",TRUE,FALSE,FALSE,FALSE,1. Initiated,https://actelocale.gov.md/ral/act/cu-privire-la-inițierea-procesului-de-amalgamare-voluntară-2236794.html,1. Initiated,https://actelocale.gov.md/ral/act/cu-privire-la-inițierea-procesului-de-amalgamare-voluntară-2236794.html
Hîncești,Cotul Morii,5327,1. < 1500,-26.3%,"1,196",TRUE,FALSE,FALSE,FALSE,1. Initiated,https://actelocale.gov.md/ral/act/cu-privire-la-amalgamarea-voluntară-a-unităților-administrativ-teritoriale-leușeni-cotul-morii-nemțeni-călmățui-dancu-cioara-pogănești-2303356.html,1. Initiated,https://actelocale.gov.md/ral/act/cu-privire-la-amalgamarea-voluntară-a-unităților-administrativ-teritoriale-leușeni-cotul-morii-nemțeni-călmățui-dancu-cioara-pogănești-2303356.html
Hîncești,Crasnoarmeiscoe,5328,2. 1.5K - 3K,-31.4%,"2,747",TRUE,FALSE,FALSE,FALSE,1. Initiated,https://actelocale.gov.md/ral/act/cu-privire-la-inițiereaprocesului-de-amalgamare-voluntară-2264356.html,1. Initiated,https://actelocale.gov.md/ral/act/cu-privire-la-inițiereaprocesului-de-amalgamare-voluntară-2264356.html
Hîncești,Dancu,5330,1. < 1500,-28.7%,860,TRUE,FALSE,FALSE,FALSE,1. Initiated,https://actelocale.gov.md/ral/act/cu-privire-la-acceptarea-inițierii-amalgamării-voluntare-2246846.html,1. Initiated,https://actelocale.gov.md/ral/act/cu-privire-la-acceptarea-inițierii-amalgamării-voluntare-2246846.html
Hîncești,Drăgușenii Noi,6031,1. < 1500,-31.9%,"1,270",TRUE,FALSE,FALSE,FALSE,1. Initiated,https://actelocale.gov.md/ral/act/cu-privire-la-inițierea-procesului-de-amalgamare-voluntară-2241903.html,1. Initiated,https://actelocale.gov.md/ral/act/cu-privire-la-inițierea-procesului-de-amalgamare-voluntară-2241903.html
Hîncești,Fîrlădeni,5331,1. < 1500,-42.2%,535,TRUE,FALSE,FALSE,FALSE,1. Initiated,https://actelocale.gov.md/ral/act/cu-privire-la-initierea-procesului-de-amalgamare-voluntara-2252809.html,1. Initiated,https://actelocale.gov.md/ral/act/cu-privire-la-initierea-procesului-de-amalgamare-voluntara-2252809.html
Hîncești,Fundul Galbenei,5332,2. 1.5K - 3K,-35.5%,"1,591",TRUE,FALSE,FALSE,FALSE,5. Adopted,https://actelocale.gov.md/ral/act/cu-privire-la-amalgamarea-voluntară-a-unităților-administrativ-teritoriale-fundul-galbenei-și-buțeni-2303470.html,5. Adopted,https://actelocale.gov.md/ral/act/cu-privire-la-amalgamarea-voluntară-a-unităților-administrativ-teritoriale-fundul-galbenei-și-buțeni-2303470.html
Hîncești,Hîncești,5301,5. > 10K,-8.8%,"11,391",TRUE,FALSE,FALSE,FALSE,1. Initiated,https://actelocale.gov.md/ral/act/cu-privire-la-initierea-procesului-de-amalgamare-voluntara-2236473.html,1. Initiated,https://actelocale.gov.md/ral/act/cu-privire-la-initierea-procesului-de-amalgamare-voluntara-2236473.html
Hîncești,Ivanovca,5333,1. < 1500,-35.4%,645,TRUE,FALSE,FALSE,FALSE,1. Initiated,https://actelocale.gov.md/ral/act/cu-privire-la-inițierea-procesului-de-amalgamare-voluntară-2245514.html,1. Initiated,https://actelocale.gov.md/ral/act/cu-privire-la-inițierea-procesului-de-amalgamare-voluntară-2245514.html
Hîncești,Lăpușna,5337,3. 3K - 5K,-32.6%,"3,386",TRUE,5337,https://democracy.md/sase-localitati-din-hancesti-se-unesc-intr-o-primarie-mai-mare-investitii-de-41-milioane-de-lei/,5. Adopted,5. Adopted,,5. Adopted,https://democracy.md/sase-localitati-din-hancesti-se-unesc-intr-o-primarie-mai-mare-investitii-de-41-milioane-de-lei/
Hîncești,Leușeni,5340,1. < 1500,-40.9%,"1,209",TRUE,FALSE,FALSE,FALSE,4. Final Meeting Scheduled,https://actelocale.gov.md/ral/act/cu-privire-la-convocarea-şedinţei-extraordinară-a-consiliului-comunal-leuşeni-2303618.html,4. Final Meeting Scheduled,https://actelocale.gov.md/ral/act/cu-privire-la-convocarea-şedinţei-extraordinară-a-consiliului-comunal-leuşeni-2303618.html
Hîncești,Logănești,5342,2. 1.5K - 3K,-34.0%,"2,323",TRUE,FALSE,FALSE,FALSE,3. Draft Consultation,https://actelocale.gov.md/ral/act/cu-privire-la-inițierea-consultării-publice-a-proiectului-de-decizie-cu-privire-la-amalgamarea-voluntară-a-unităților-administrativ-teritoriale-satul-logănești-rl-hînceşti-și-satul-stolniceni-rl-hînceşti-2293616.html,3. Draft Consultation,https://actelocale.gov.md/ral/act/cu-privire-la-inițierea-consultării-publice-a-proiectului-de-decizie-cu-privire-la-amalgamarea-voluntară-a-unităților-administrativ-teritoriale-satul-logănești-rl-hînceşti-și-satul-stolniceni-rl-hînceşti-2293616.html
Hîncești,Mereșeni,5343,2. 1.5K - 3K,-37.6%,"1,531",TRUE,FALSE,FALSE,FALSE,4. Final Meeting Scheduled,https://actelocale.gov.md/ral/act/cu-privire-la-convocarea-şedinţeiextraordinare-a-consiliului-comunal-2303737.html,4. Final Meeting Scheduled,https://actelocale.gov.md/ral/act/cu-privire-la-convocarea-şedinţeiextraordinare-a-consiliului-comunal-2303737.html
Hîncești,Mingir,5345,2. 1.5K - 3K,-39.5%,"2,948",TRUE,5345,https://www.facebook.com/share/r/1EMYQxZcAn/,5. Adopted,5. Adopted,,5. Adopted,https://www.facebook.com/share/r/1EMYQxZcAn/
Hîncești,Mirești,5347,1. < 1500,-33.2%,828,TRUE,FALSE,FALSE,FALSE,1. Initiated,https://actelocale.gov.md/ral/act/cu-privire-la-iniţierea-procesului-de-amalgamare-voluntară-2239015.html,1. Initiated,https://actelocale.gov.md/ral/act/cu-privire-la-iniţierea-procesului-de-amalgamare-voluntară-2239015.html
Hîncești,Negrea,5349,1. < 1500,-45.6%,941,TRUE,FALSE,FALSE,FALSE,1. Initiated,https://actelocale.gov.md/ral/act/cu-privire-la-inițierea-procesului-de-amalgamare-voluntară-2245766.html,1. Initiated,https://actelocale.gov.md/ral/act/cu-privire-la-inițierea-procesului-de-amalgamare-voluntară-2245766.html
Hîncești,Nemțeni,5350,1. < 1500,-45.2%,927,TRUE,FALSE,FALSE,FALSE,1. Initiated,https://actelocale.gov.md/ral/act/cu-privire-la-acceptarea-propunerii-de-iniţiere-a-procesului-de-amalgamare-voluntară-2256246.html,1. Initiated,https://actelocale.gov.md/ral/act/cu-privire-la-acceptarea-propunerii-de-iniţiere-a-procesului-de-amalgamare-voluntară-2256246.html
Hîncești,Obileni,5351,1. < 1500,-48.2%,747,TRUE,FALSE,FALSE,FALSE,,,0. Unclear or Not Initiated,0. Not Checked
Hîncești,Onești,5352,1. < 1500,-38.3%,882,TRUE,FALSE,FALSE,FALSE,1. Initiated,https://actelocale.gov.md/ral/act/cu-privire-la-inițierea-procesului-de-amalgamare-voluntară-2282615.html,1. Initiated,https://actelocale.gov.md/ral/act/cu-privire-la-inițierea-procesului-de-amalgamare-voluntară-2282615.html
Hîncești,Pașcani,5354,1. < 1500,-40.7%,"1,424",TRUE,5354,https://democracy.md/sase-localitati-din-hancesti-se-unesc-intr-o-primarie-mai-mare-investitii-de-41-milioane-de-lei/,5. Adopted,5. Adopted,,5. Adopted,https://democracy.md/sase-localitati-din-hancesti-se-unesc-intr-o-primarie-mai-mare-investitii-de-41-milioane-de-lei/
Hîncești,Pervomaiscoe,5356,1. < 1500,-16.7%,424,TRUE,5356,https://democracy.md/sase-localitati-din-hancesti-se-unesc-intr-o-primarie-mai-mare-investitii-de-41-milioane-de-lei/,5. Adopted,5. Adopted,,5. Adopted,https://democracy.md/sase-localitati-din-hancesti-se-unesc-intr-o-primarie-mai-mare-investitii-de-41-milioane-de-lei/
Hîncești,Pogănești,5357,1. < 1500,-30.2%,932,TRUE,FALSE,FALSE,FALSE,1. Initiated,https://actelocale.gov.md/ral/act/cu-privire-la-inițierea-procesului-de-amalgamare-voluntară-2257052.html,1. Initiated,https://actelocale.gov.md/ral/act/cu-privire-la-inițierea-procesului-de-amalgamare-voluntară-2257052.html
Hîncești,Sărata-Galbenă,5359,3. 3K - 5K,-22.2%,"3,752",TRUE,FALSE,FALSE,FALSE,1. Initiated,https://actelocale.gov.md/ral/act/cu-privire-la-iniţierea-procesului-de-amalgamare-voluntară-2250832.html,1. Initiated,https://actelocale.gov.md/ral/act/cu-privire-la-iniţierea-procesului-de-amalgamare-voluntară-2250832.html
Hîncești,Secăreni,5361,1. < 1500,-42.0%,960,TRUE,5361,https://democracy.md/sase-localitati-din-hancesti-se-unesc-intr-o-primarie-mai-mare-investitii-de-41-milioane-de-lei/,5. Adopted,5. Adopted,,5. Adopted,https://democracy.md/sase-localitati-din-hancesti-se-unesc-intr-o-primarie-mai-mare-investitii-de-41-milioane-de-lei/
Hîncești,Șipoteni,5366,1. < 1500,-43.9%,443,TRUE,FALSE,FALSE,FALSE,,,0. Unclear or Not Initiated,0. Not Checked
Hîncești,Sofia,5364,1. < 1500,-54.9%,629,TRUE,FALSE,FALSE,FALSE,2. Working Group,https://actelocale.gov.md/ral/act/cu-privire-la-examinarea-rezultatelor-sondajului-privind-amalgamarea-2289531.html,2. Working Group,https://actelocale.gov.md/ral/act/cu-privire-la-examinarea-rezultatelor-sondajului-privind-amalgamarea-2289531.html
Hîncești,Stolniceni,5365,1. < 1500,-27.7%,"1,111",TRUE,FALSE,FALSE,FALSE,3. Draft Consultation,https://actelocale.gov.md/ral/act/cu-privire-la-inițierea-consultării-publice-a-proiectului-de-decizie-cu-privire-la-amalgamarea-voluntară-a-unităților-administrativ-teritoriale-s-stolniceni-și-s-logănești-r-nul-hînceşti-2298674.html,3. Draft Consultation,https://actelocale.gov.md/ral/act/cu-privire-la-inițierea-consultării-publice-a-proiectului-de-decizie-cu-privire-la-amalgamarea-voluntară-a-unităților-administrativ-teritoriale-s-stolniceni-și-s-logănești-r-nul-hînceşti-2298674.html
Hîncești,Voinescu,5367,1. < 1500,-40.5%,"1,418",TRUE,5367,https://www.facebook.com/share/r/1EMYQxZcAn/,5. Adopted,5. Adopted,,5. Adopted,https://www.facebook.com/share/r/1EMYQxZcAn/
Ialoveni,Bardar,5510,3. 3K - 5K,-21.8%,"3,763",TRUE,FALSE,FALSE,FALSE,,,0. Unclear or Not Initiated,0. Not Checked
Ialoveni,Cărbuna,2313,1. < 1500,-29.0%,"1,251",TRUE,FALSE,FALSE,FALSE,3. Draft Consultation,https://actelocale.gov.md/ral/act/cu-privire-la-organizarea-procedurii-de-consultare-publică-2295975.html,3. Draft Consultation,https://actelocale.gov.md/ral/act/cu-privire-la-organizarea-procedurii-de-consultare-publică-2295975.html
Ialoveni,Cigîrleni,2316,2. 1.5K - 3K,-36.8%,"1,512",TRUE,FALSE,FALSE,FALSE,1. Initiated,https://actelocale.gov.md/ral/act/cu-privire-la-inițierea-procesului-de-amalgamare-voluntară-2291574.html,1. Initiated,https://actelocale.gov.md/ral/act/cu-privire-la-inițierea-procesului-de-amalgamare-voluntară-2291574.html
Ialoveni,Costești,5515,4. 5K - 10K,-22.7%,"8,427",TRUE,5515,https://www.moldpres.md/rom/politica/grupuri-de-primarii-amalgamate-au-fost-create-in-toate-regiunile-tarii-investitii-de-366-de-milioane-de-lei-planificate-de-guvern-pentru-modernizarea-localitatilor,5. Adopted,5. Adopted,,5. Adopted,https://www.moldpres.md/rom/politica/grupuri-de-primarii-amalgamate-au-fost-create-in-toate-regiunile-tarii-investitii-de-366-de-milioane-de-lei-planificate-de-guvern-pentru-modernizarea-localitatilor
Ialoveni,Dănceni,5516,2. 1.5K - 3K,-25.1%,"1,802",TRUE,FALSE,FALSE,FALSE,1. Initiated,https://actelocale.gov.md/ral/act/cu-privire-la-inițierea-procesului-de-amalgamare-voluntară-2286823.html,1. Initiated,https://actelocale.gov.md/ral/act/cu-privire-la-inițierea-procesului-de-amalgamare-voluntară-2286823.html
Ialoveni,Gangura,2324,2. 1.5K - 3K,-19.4%,"1,751",TRUE,FALSE,FALSE,FALSE,1. Initiated,https://actelocale.gov.md/ral/act/cu-privire-la-inițierea-procedurii-de-amalgamare-voluntară-2259265.html,1. Initiated,https://actelocale.gov.md/ral/act/cu-privire-la-inițierea-procedurii-de-amalgamare-voluntară-2259265.html
Ialoveni,Hansca,5517,1. < 1500,-23.6%,834,TRUE,5517,https://www.moldpres.md/rom/politica/grupuri-de-primarii-amalgamate-au-fost-create-in-toate-regiunile-tarii-investitii-de-366-de-milioane-de-lei-planificate-de-guvern-pentru-modernizarea-localitatilor,5. Adopted,,,5. Adopted,https://www.moldpres.md/rom/politica/grupuri-de-primarii-amalgamate-au-fost-create-in-toate-regiunile-tarii-investitii-de-366-de-milioane-de-lei-planificate-de-guvern-pentru-modernizarea-localitatilor
Ialoveni,Horești,5518,2. 1.5K - 3K,-24.8%,"2,642",TRUE,FALSE,FALSE,FALSE,5. Adopted,https://actelocale.gov.md/ral/act/cu-privire-la-amalgamarea-voluntară-a-unităților-administrativ-teritoriale-horeşti-şi-zîmbreni-2303647.html,5. Adopted,https://actelocale.gov.md/ral/act/cu-privire-la-amalgamarea-voluntară-a-unităților-administrativ-teritoriale-horeşti-şi-zîmbreni-2303647.html
Ialoveni,Horodca,5519,1. < 1500,-38.2%,713,TRUE,FALSE,FALSE,FALSE,,,0. Unclear or Not Initiated,0. Not Checked
Ialoveni,Ialoveni,5501,5. > 10K,17.2%,"14,665",TRUE,5501,https://www.facebook.com/photo/?fbid=1010403035289948&set=pb.100089607821243.-2207520000,5. Adopted,5. Adopted,,5. Adopted,https://www.facebook.com/photo/?fbid=1010403035289948&set=pb.100089607821243.-2207520000
Ialoveni,Malcoci,5520,2. 1.5K - 3K,-19.0%,"1,954",TRUE,FALSE,FALSE,FALSE,1. Initiated,https://actelocale.gov.md/ral/act/cu-privire-la-inițierea-procesului-de-amalgamare-voluntară-2268219.html,1. Initiated,https://actelocale.gov.md/ral/act/cu-privire-la-inițierea-procesului-de-amalgamare-voluntară-2268219.html
Ialoveni,Mileștii Mici,5521,3. 3K - 5K,-36.9%,"3,136",TRUE,FALSE,FALSE,FALSE,,,0. Unclear or Not Initiated,0. Not Checked
Ialoveni,Molești,5523,2. 1.5K - 3K,-31.3%,"1,907",TRUE,FALSE,FALSE,FALSE,,,0. Unclear or Not Initiated,0. Not Checked
Ialoveni,Nimoreni,5524,2. 1.5K - 3K,-25.8%,"1,594",TRUE,5524,https://raw.githubusercontent.com/frank0051/Moldova-Primarii-Puternice-Dashboard/refs/heads/main/Other%20Sources/Ialoveni-02.txt,5. Adopted,5. Adopted,,5. Adopted,https://raw.githubusercontent.com/frank0051/Moldova-Primarii-Puternice-Dashboard/refs/heads/main/Other%20Sources/Ialoveni-02.txt
Ialoveni,Pojăreni,5525,1. < 1500,-27.4%,702,TRUE,FALSE,FALSE,FALSE,,,0. Unclear or Not Initiated,0. Not Checked
Ialoveni,Puhoi,5526,3. 3K - 5K,-24.5%,"4,168",TRUE,FALSE,FALSE,FALSE,,,0. Unclear or Not Initiated,0. Not Checked
Ialoveni,Răzeni,2334,4. 5K - 10K,-27.3%,"5,115",TRUE,FALSE,FALSE,FALSE,3. Draft Consultation,https://actelocale.gov.md/ral/act/cu-privire-la-iniţierea-consultărilor-publice-a-proiectului-de-decizie-cu-privire-la-amalgamarea-voluntară-a-unităților-administrativ-teritoriale-răzeni-și-cărbuna-2299015.html,3. Draft Consultation,https://actelocale.gov.md/ral/act/cu-privire-la-iniţierea-consultărilor-publice-a-proiectului-de-decizie-cu-privire-la-amalgamarea-voluntară-a-unităților-administrativ-teritoriale-răzeni-și-cărbuna-2299015.html
Ialoveni,Ruseștii Noi,5527,3. 3K - 5K,-26.9%,"3,984",TRUE,FALSE,FALSE,FALSE,,,0. Unclear or Not Initiated,0. Not Checked
Ialoveni,Sociteni,5529,1. < 1500,-17.7%,"1,438",TRUE,5529,https://www.facebook.com/photo/?fbid=1010403035289948&set=pb.100089607821243.-2207520000,5. Adopted,5. Adopted,,5. Adopted,https://www.facebook.com/photo/?fbid=1010403035289948&set=pb.100089607821243.-2207520000
Ialoveni,Suruceni,5530,2. 1.5K - 3K,-24.5%,"2,262",TRUE,5530,https://raw.githubusercontent.com/frank0051/Moldova-Primarii-Puternice-Dashboard/refs/heads/main/Other%20Sources/Ialoveni-02.txt,5. Adopted,5. Adopted,,5. Adopted,https://raw.githubusercontent.com/frank0051/Moldova-Primarii-Puternice-Dashboard/refs/heads/main/Other%20Sources/Ialoveni-02.txt
Ialoveni,Ţipala,5531,3. 3K - 5K,-27.3%,"3,113",TRUE,FALSE,FALSE,FALSE,,,0. Unclear or Not Initiated,0. Not Checked
Ialoveni,Ulmu,5534,2. 1.5K - 3K,-19.6%,"2,165",TRUE,FALSE,FALSE,FALSE,1. Initiated,https://actelocale.gov.md/ral/act/cu-privire-la-acceptarea-propunerii-privind-inițierea-procesului-de-amalgamare-voluntară-2276076.html,1. Initiated,https://actelocale.gov.md/ral/act/cu-privire-la-acceptarea-propunerii-privind-inițierea-procesului-de-amalgamare-voluntară-2276076.html
Ialoveni,Văratic,5535,2. 1.5K - 3K,-30.7%,"2,586",TRUE,FALSE,FALSE,FALSE,1. Initiated,https://actelocale.gov.md/ral/act/cu-privire-la-initierea-procesului-de-amalgamare-voluntară-2263281.html,1. Initiated,https://actelocale.gov.md/ral/act/cu-privire-la-initierea-procesului-de-amalgamare-voluntară-2263281.html
Ialoveni,Văsieni,2337,1. < 1500,-23.8%,860,TRUE,FALSE,FALSE,FALSE,1. Initiated,https://actelocale.gov.md/ral/act/cu-privire-la-inițierea-procesului-de-amalgamare-voluntară-2246187.html,1. Initiated,https://actelocale.gov.md/ral/act/cu-privire-la-inițierea-procesului-de-amalgamare-voluntară-2246187.html
Ialoveni,Zîmbreni,5536,2. 1.5K - 3K,-18.3%,"2,114",TRUE,FALSE,FALSE,FALSE,2. Working Group,https://actelocale.gov.md/ral/act/cu-privire-la-constituirea-grupului-de-inițiativă-pentru-informarea-populației-și-distribuirea-chestionarelor-în-contextul-procesului-de-amalgamare-voluntară-2270746.html,2. Working Group,https://actelocale.gov.md/ral/act/cu-privire-la-constituirea-grupului-de-inițiativă-pentru-informarea-populației-și-distribuirea-chestionarelor-în-contextul-procesului-de-amalgamare-voluntară-2270746.html
Leova,Băiuș,5711,1. < 1500,-44.6%,587,TRUE,FALSE,FALSE,FALSE,,,0. Unclear or Not Initiated,0. Not Checked
Leova,Beştemac,5714,1. < 1500,-40.4%,496,TRUE,FALSE,FALSE,FALSE,5. Adopted,https://actelocale.gov.md/ral/act/cu-privire-la-amalgamarea-voluntară-a-unităților-administrativ-teritoriale-iargara-tigheci-băiuș-beștemac-și-borogani-2303725.html,5. Adopted,https://actelocale.gov.md/ral/act/cu-privire-la-amalgamarea-voluntară-a-unităților-administrativ-teritoriale-iargara-tigheci-băiuș-beștemac-și-borogani-2303725.html
Leova,Borogani,5716,2. 1.5K - 3K,-27.6%,"2,684",TRUE,FALSE,FALSE,FALSE,3. Draft Consultation,https://actelocale.gov.md/ral/act/cu-privire-la-consultarea-publică-privind-identificarea-celor-mai-importante-probleme-locale-și-necesitatea-amalgamării-localității-pe-cale-voluntară-sau-normativă-2277965.html,3. Draft Consultation,https://actelocale.gov.md/ral/act/cu-privire-la-consultarea-publică-privind-identificarea-celor-mai-importante-probleme-locale-și-necesitatea-amalgamării-localității-pe-cale-voluntară-sau-normativă-2277965.html
Leova,Cazangic,5717,1. < 1500,-40.2%,992,TRUE,5717,https://github.com/frank0051/Moldova-Primarii-Puternice-Dashboard/blob/main/Other%20Sources/Leova-03.txt,5. Adopted,5. Adopted,,5. Adopted,https://github.com/frank0051/Moldova-Primarii-Puternice-Dashboard/blob/main/Other%20Sources/Leova-03.txt
Leova,Ceadîr,5720,1. < 1500,-36.3%,740,TRUE,FALSE,FALSE,FALSE,,,0. Unclear or Not Initiated,0. Not Checked
Leova,Cneazevca,5721,1. < 1500,-33.9%,556,TRUE,FALSE,FALSE,FALSE,5. Adopted,https://actelocale.gov.md/ral/act/cu-privire-la-amalgamarea-voluntară-a-unităților-administrativ-teritoriale-sărăteni-vozneseni-tomaiul-nou-cneazevca-sărățica-nouă-ceadîr-colibabovca-și-orac-2303778.html,5. Adopted,https://actelocale.gov.md/ral/act/cu-privire-la-amalgamarea-voluntară-a-unităților-administrativ-teritoriale-sărăteni-vozneseni-tomaiul-nou-cneazevca-sărățica-nouă-ceadîr-colibabovca-și-orac-2303778.html
Leova,Colibabovca,5723,1. < 1500,-40.2%,533,TRUE,FALSE,FALSE,FALSE,1. Initiated,https://actelocale.gov.md/ral/act/cu-privire-la-modificarea-p3-al-deciziei-nr-13-din-29012026-cu-privire-la-inițierea-procesuluide-amalgamare-voluntară-2251704.html,1. Initiated,https://actelocale.gov.md/ral/act/cu-privire-la-modificarea-p3-al-deciziei-nr-13-din-29012026-cu-privire-la-inițierea-procesuluide-amalgamare-voluntară-2251704.html
Leova,Covurlui,5724,1. < 1500,-47.0%,850,TRUE,5724,https://github.com/frank0051/Moldova-Primarii-Puternice-Dashboard/blob/main/Other%20Sources/Leova-03.txt,5. Adopted,5. Adopted,,5. Adopted,https://github.com/frank0051/Moldova-Primarii-Puternice-Dashboard/blob/main/Other%20Sources/Leova-03.txt
Leova,Cupcui,5725,1. < 1500,-43.6%,869,TRUE,5725,https://www.moldpres.md/rom/politica/grupuri-de-primarii-amalgamate-au-fost-create-in-toate-regiunile-tarii-investitii-de-366-de-milioane-de-lei-planificate-de-guvern-pentru-modernizarea-localitatilor,5. Adopted,5. Adopted,,5. Adopted,https://www.moldpres.md/rom/politica/grupuri-de-primarii-amalgamate-au-fost-create-in-toate-regiunile-tarii-investitii-de-366-de-milioane-de-lei-planificate-de-guvern-pentru-modernizarea-localitatilor
Leova,Filipeni,5726,2. 1.5K - 3K,-35.1%,"1,964",TRUE,5726,https://www.moldpres.md/rom/politica/grupuri-de-primarii-amalgamate-au-fost-create-in-toate-regiunile-tarii-investitii-de-366-de-milioane-de-lei-planificate-de-guvern-pentru-modernizarea-localitatilor,5. Adopted,5. Adopted,,5. Adopted,https://www.moldpres.md/rom/politica/grupuri-de-primarii-amalgamate-au-fost-create-in-toate-regiunile-tarii-investitii-de-366-de-milioane-de-lei-planificate-de-guvern-pentru-modernizarea-localitatilor
Leova,Hănăsenii Noi,5728,1. < 1500,-37.5%,614,TRUE,FALSE,FALSE,FALSE,1. Initiated,https://actelocale.gov.md/ral/act/cu-privire-la-inițierea-procesului-de-amalgamare-voluntară-2228208.html,1. Initiated,https://actelocale.gov.md/ral/act/cu-privire-la-inițierea-procesului-de-amalgamare-voluntară-2228208.html
Leova,Iargara,5702,2. 1.5K - 3K,-35.9%,"2,536",TRUE,FALSE,FALSE,FALSE,2. Working Group,https://actelocale.gov.md/ral/act/cu-privire-la-solicitarea-transferului-pentru-susținerea-procesului-de-amalgamare-voluntară-2303309.html,2. Working Group,https://actelocale.gov.md/ral/act/cu-privire-la-solicitarea-transferului-pentru-susținerea-procesului-de-amalgamare-voluntară-2303309.html
Leova,Leova (Merged),9999,4. 5K - 10K,,"8,344",FALSE,FALSE,FALSE,FALSE,,,0. Unclear or Not Initiated,0. Not Checked
Leova,Orac,5730,1. < 1500,-52.5%,552,TRUE,FALSE,FALSE,FALSE,,,0. Unclear or Not Initiated,0. Not Checked
Leova,Romanovca,5727,1. < 1500,-36.3%,304,TRUE,5727,https://www.moldpres.md/rom/politica/grupuri-de-primarii-amalgamate-au-fost-create-in-toate-regiunile-tarii-investitii-de-366-de-milioane-de-lei-planificate-de-guvern-pentru-modernizarea-localitatilor,5. Adopted,5. Adopted,,5. Adopted,https://www.moldpres.md/rom/politica/grupuri-de-primarii-amalgamate-au-fost-create-in-toate-regiunile-tarii-investitii-de-366-de-milioane-de-lei-planificate-de-guvern-pentru-modernizarea-localitatilor
Leova,Sărata Nouă,5731,1. < 1500,-46.7%,849,TRUE,5731,https://www.moldpres.md/rom/politica/grupuri-de-primarii-amalgamate-au-fost-create-in-toate-regiunile-tarii-investitii-de-366-de-milioane-de-lei-planificate-de-guvern-pentru-modernizarea-localitatilor,5. Adopted,5. Adopted,,5. Adopted,https://www.moldpres.md/rom/politica/grupuri-de-primarii-amalgamate-au-fost-create-in-toate-regiunile-tarii-investitii-de-366-de-milioane-de-lei-planificate-de-guvern-pentru-modernizarea-localitatilor
Leova,Sărăteni,5733,1. < 1500,-43.8%,555,TRUE,FALSE,FALSE,FALSE,,,0. Unclear or Not Initiated,0. Not Checked
Leova,Sărățica Nouă,5735,1. < 1500,-38.8%,572,TRUE,FALSE,FALSE,FALSE,5. Adopted,https://actelocale.gov.md/ral/act/cu-privire-la-amalgamarea-voluntară-a-unităților-administrativ-teritoriale-sărăteni-voznesenitomaiul-nou-cneazevca-sărățica-nouă-ceadîr-colibabovca-și-orac-2303843.html,5. Adopted,https://actelocale.gov.md/ral/act/cu-privire-la-amalgamarea-voluntară-a-unităților-administrativ-teritoriale-sărăteni-voznesenitomaiul-nou-cneazevca-sărățica-nouă-ceadîr-colibabovca-și-orac-2303843.html
Leova,Tigheci,5738,1. < 1500,-41.6%,"1,343",TRUE,FALSE,FALSE,FALSE,5. Adopted,https://actelocale.gov.md/ral/act/cu-privire-la-amalgamarea-voluntară-a-unităților-administrativ-teritoriale-iargara-tigheci-băiuș-beștemac-și-borogani-2303840.html,5. Adopted,https://actelocale.gov.md/ral/act/cu-privire-la-amalgamarea-voluntară-a-unităților-administrativ-teritoriale-iargara-tigheci-băiuș-beștemac-și-borogani-2303840.html
Leova,Tomai,5741,2. 1.5K - 3K,-39.6%,"1,838",TRUE,5741,https://github.com/frank0051/Moldova-Primarii-Puternice-Dashboard/blob/main/Other%20Sources/Leova-03.txt,5. Adopted,,,5. Adopted,https://github.com/frank0051/Moldova-Primarii-Puternice-Dashboard/blob/main/Other%20Sources/Leova-03.txt
Leova,Tomaiul Nou,5742,1. < 1500,-46.9%,400,TRUE,FALSE,FALSE,FALSE,,,0. Unclear or Not Initiated,0. Not Checked
Leova,Vozneseni,5744,1. < 1500,-44.9%,657,TRUE,FALSE,FALSE,FALSE,,,0. Unclear or Not Initiated,0. Not Checked
mun. Bălți,Consiliul Municipal Bălți,0300,5. > 10K,-7.1%,"90,954",TRUE,FALSE,FALSE,FALSE,,,0. Unclear or Not Initiated,0. Not Checked
mun. Bălți,Elizaveta,0301,2. 1.5K - 3K,-18.7%,"2,620",TRUE,FALSE,FALSE,FALSE,2. Working Group,https://actelocale.gov.md/ral/act/cu-privire-la-solicitarea-transferului-pentru-susținerea-procesului-de-amalgamare-voluntară-2289841.html,2. Working Group,https://actelocale.gov.md/ral/act/cu-privire-la-solicitarea-transferului-pentru-susținerea-procesului-de-amalgamare-voluntară-2289841.html
mun. Bălți,Sadovoe,4839,1. < 1500,-25.6%,972,TRUE,FALSE,FALSE,FALSE,,,0. Unclear or Not Initiated,0. Not Checked
mun. Chișinău,Băcioi,5511,5. > 10K,14.6%,"11,663",FALSE,FALSE,FALSE,FALSE,,,0. Unclear or Not Initiated,0. Not Checked
mun. Chișinău,Bubuieci,0142,5. > 10K,38.6%,"11,152",FALSE,FALSE,FALSE,FALSE,1. Initiated,https://actelocale.gov.md/ral/act/cu-privire-la-inițierea-procesului-de-amalgamare-voluntară-2235033.html,1. Initiated,https://actelocale.gov.md/ral/act/cu-privire-la-inițierea-procesului-de-amalgamare-voluntară-2235033.html
mun. Chișinău,Budești,3120,3. 3K - 5K,-10.2%,"4,425",FALSE,FALSE,FALSE,FALSE,1. Initiated,https://actelocale.gov.md/ral/act/cu-privire-la-inițierea-procesului-de-amalgamare-voluntară-2257904.html,1. Initiated,https://actelocale.gov.md/ral/act/cu-privire-la-inițierea-procesului-de-amalgamare-voluntară-2257904.html
mun. Chișinău,Ciorescu,0152,4. 5K - 10K,12.6%,"6,714",FALSE,FALSE,FALSE,FALSE,1. Initiated,https://actelocale.gov.md/ral/act/cu-privire-la-operarea-unor-modificări-în-decizia-nr-33-din-27052026-cu-privire-la-inițierea-procesului-de-amalgamare-voluntară-a-comunei-ciorescu-2261820.html,1. Initiated,https://actelocale.gov.md/ral/act/cu-privire-la-operarea-unor-modificări-în-decizia-nr-33-din-27052026-cu-privire-la-inițierea-procesului-de-amalgamare-voluntară-a-comunei-ciorescu-2261820.html
mun. Chișinău,Codru,0131,5. > 10K,14.9%,"18,310",FALSE,FALSE,FALSE,FALSE,,,0. Unclear or Not Initiated,0. Not Checked
mun. Chișinău,Colonița,0149,3. 3K - 5K,17.5%,"3,956",FALSE,FALSE,FALSE,FALSE,,,0. Unclear or Not Initiated,0. Not Checked
mun. Chișinău,Condrița,0123,1. < 1500,-8.1%,547,FALSE,FALSE,FALSE,FALSE,,,0. Unclear or Not Initiated,0. Not Checked
mun. Chișinău,Consiliul Municipal Chișinău,0100,5. > 10K,67.2%,"567,038",FALSE,FALSE,FALSE,FALSE,,,0. Unclear or Not Initiated,0. Not Checked
mun. Chișinău,Cricova,0151,4. 5K - 10K,-10.6%,"9,536",FALSE,FALSE,FALSE,FALSE,,,0. Unclear or Not Initiated,0. Not Checked
mun. Chișinău,Cruzești,0144,2. 1.5K - 3K,-5.8%,"1,709",FALSE,FALSE,FALSE,FALSE,1. Initiated,https://actelocale.gov.md/ral/act/cu-privire-la-inițierea-procedurii-de-amalgamare-voluntară-a-comunei-cruzești-2247835.html,1. Initiated,https://actelocale.gov.md/ral/act/cu-privire-la-inițierea-procedurii-de-amalgamare-voluntară-a-comunei-cruzești-2247835.html
mun. Chișinău,Durlești,0121,5. > 10K,52.9%,"26,308",FALSE,FALSE,FALSE,FALSE,,,0. Unclear or Not Initiated,0. Not Checked
mun. Chișinău,Ghidighici,0124,4. 5K - 10K,3.7%,"5,240",FALSE,FALSE,FALSE,FALSE,,,0. Unclear or Not Initiated,0. Not Checked
mun. Chișinău,Grătiești,0155,4. 5K - 10K,18.0%,"7,299",FALSE,FALSE,FALSE,FALSE,,,0. Unclear or Not Initiated,0. Not Checked
mun. Chișinău,Sîngera,0111,5. > 10K,24.1%,"12,368",FALSE,FALSE,FALSE,FALSE,,,0. Unclear or Not Initiated,0. Not Checked
mun. Chișinău,Stăuceni,3153,5. > 10K,28.9%,"11,210",FALSE,FALSE,FALSE,FALSE,1. Initiated,https://actelocale.gov.md/ral/act/cu-privire-la-inițierea-procesului-de-amalgamare-voluntară-2272000.html,1. Initiated,https://actelocale.gov.md/ral/act/cu-privire-la-inițierea-procesului-de-amalgamare-voluntară-2272000.html
mun. Chișinău,Tohatin,0146,3. 3K - 5K,55.8%,"4,045",FALSE,FALSE,FALSE,FALSE,,,0. Unclear or Not Initiated,0. Not Checked
mun. Chișinău,Trușeni,8039,5. > 10K,5.4%,"10,937",FALSE,FALSE,FALSE,FALSE,,,0. Unclear or Not Initiated,0. Not Checked
mun. Chișinău,Vadul lui Vodă,0141,3. 3K - 5K,-19.2%,"4,280",FALSE,FALSE,FALSE,FALSE,,,0. Unclear or Not Initiated,0. Not Checked
mun. Chișinău,Vatra,0122,3. 3K - 5K,-1.9%,"3,391",FALSE,FALSE,FALSE,FALSE,,,0. Unclear or Not Initiated,0. Not Checked
Nisporeni,Bălănești,6010,1. < 1500,-35.9%,"1,390",TRUE,FALSE,FALSE,FALSE,,,0. Unclear or Not Initiated,0. Not Checked
Nisporeni,Bălăureşti,6012,1. < 1500,-33.3%,"1,421",TRUE,FALSE,FALSE,FALSE,1. Initiated,https://actelocale.gov.md/ral/act/cu-privire-la-inițierea-procesului-de-amalgamare-voluntară-2236004.html,1. Initiated,https://actelocale.gov.md/ral/act/cu-privire-la-inițierea-procesului-de-amalgamare-voluntară-2236004.html
Nisporeni,Bărboieni,6013,1. < 1500,-27.4%,592,TRUE,FALSE,FALSE,FALSE,1. Initiated,https://actelocale.gov.md/ral/act/cu-privire-la-inițierea-procedurii-de-amalgamare-voluntară-2244358.html,1. Initiated,https://actelocale.gov.md/ral/act/cu-privire-la-inițierea-procedurii-de-amalgamare-voluntară-2244358.html
Nisporeni,Boldurești,6014,2. 1.5K - 3K,-37.2%,"1,960",TRUE,FALSE,FALSE,FALSE,1. Initiated,https://actelocale.gov.md/ral/act/cu-privire-la-examinarea-propunerii-privind-extinderea-procesului-de-amalgamare-voluntară-2272449.html,1. Initiated,https://actelocale.gov.md/ral/act/cu-privire-la-examinarea-propunerii-privind-extinderea-procesului-de-amalgamare-voluntară-2272449.html
Nisporeni,Bolțun,6017,1. < 1500,-34.4%,614,TRUE,FALSE,FALSE,FALSE,1. Initiated,https://actelocale.gov.md/ral/act/cu-privire-la-inițierea-procesului-de-amalgamare-voluntară-2275949.html,1. Initiated,https://actelocale.gov.md/ral/act/cu-privire-la-inițierea-procesului-de-amalgamare-voluntară-2275949.html
Nisporeni,Brătuleni,6019,1. < 1500,-38.0%,"1,111",TRUE,FALSE,FALSE,FALSE,1. Initiated,https://actelocale.gov.md/ral/act/cu-privire-la-inițierea-procesului-de-amalgamare-voluntară-2264806.html,1. Initiated,https://actelocale.gov.md/ral/act/cu-privire-la-inițierea-procesului-de-amalgamare-voluntară-2264806.html
Nisporeni,Bursuc,6021,1. < 1500,-41.3%,709,TRUE,FALSE,FALSE,FALSE,1. Initiated,https://actelocale.gov.md/ral/act/cu-privire-la-inițierea-procesului-de-amalgamarea-voluntară-2261766.html,1. Initiated,https://actelocale.gov.md/ral/act/cu-privire-la-inițierea-procesului-de-amalgamarea-voluntară-2261766.html
Nisporeni,Călimănești,6022,1. < 1500,-29.8%,575,TRUE,FALSE,FALSE,FALSE,5. Adopted,https://actelocale.gov.md/ral/act/cu-privire-la-amalgamarea-voluntară-a-unităților-administrativ-teritoriale-satul-călimănești-comuna-marinici-și-comuna-Șișcani-2303642.html,5. Adopted,https://actelocale.gov.md/ral/act/cu-privire-la-amalgamarea-voluntară-a-unităților-administrativ-teritoriale-satul-călimănești-comuna-marinici-și-comuna-Șișcani-2303642.html
Nisporeni,Ciorești,6024,2. 1.5K - 3K,-36.9%,"2,165",TRUE,FALSE,FALSE,FALSE,1. Initiated,https://actelocale.gov.md/ral/act/cu-privire-la-inițierea-procesului-de-amalgamare-voluntară-2247121.html,1. Initiated,https://actelocale.gov.md/ral/act/cu-privire-la-inițierea-procesului-de-amalgamare-voluntară-2247121.html
Nisporeni,Ciutești,6027,1. < 1500,-41.6%,894,TRUE,FALSE,FALSE,FALSE,,,0. Unclear or Not Initiated,0. Not Checked
Nisporeni,Cristești,6029,1. < 1500,-37.7%,659,TRUE,FALSE,FALSE,FALSE,1. Initiated,https://actelocale.gov.md/ral/act/cu-privire-la-inițierea-procesului-de-amalgamare-voluntară-2245380.html,1. Initiated,https://actelocale.gov.md/ral/act/cu-privire-la-inițierea-procesului-de-amalgamare-voluntară-2245380.html
Nisporeni,Grozești,6034,1. < 1500,-29.2%,"1,294",TRUE,FALSE,FALSE,FALSE,1. Initiated,https://actelocale.gov.md/ral/act/cu-privire-la-modificarea-deciziei-consiliului-local-grozești-nr-31-din-31052026-cu-privire-la-inițierea-procesului-de-amalgamare-voluntară-2276179.html,1. Initiated,https://actelocale.gov.md/ral/act/cu-privire-la-modificarea-deciziei-consiliului-local-grozești-nr-31-din-31052026-cu-privire-la-inițierea-procesului-de-amalgamare-voluntară-2276179.html
Nisporeni,Iurceni,6035,1. < 1500,-39.6%,"1,066",TRUE,FALSE,FALSE,FALSE,1. Initiated,https://actelocale.gov.md/ral/act/cu-privire-la-examinarea-propunerii-de-inițiere-a-procesului-de-amalgamare-voluntară-înainat-de-consiliul-sătesc-bursuc-2284331.html,1. Initiated,https://actelocale.gov.md/ral/act/cu-privire-la-examinarea-propunerii-de-inițiere-a-procesului-de-amalgamare-voluntară-înainat-de-consiliul-sătesc-bursuc-2284331.html
Nisporeni,Marinici,6037,1. < 1500,-39.8%,"1,333",TRUE,FALSE,FALSE,FALSE,,,0. Unclear or Not Initiated,0. Not Checked
Nisporeni,Milești,6041,2. 1.5K - 3K,-31.0%,"1,575",TRUE,FALSE,FALSE,FALSE,,,0. Unclear or Not Initiated,0. Not Checked
Nisporeni,Nisporeni,6001,4. 5K - 10K,-9.2%,"9,140",TRUE,FALSE,FALSE,FALSE,1. Initiated,https://actelocale.gov.md/ral/act/cu-privire-la-inițierea-procesului-de-amalgamarea-voluntară-2237835.html,1. Initiated,https://actelocale.gov.md/ral/act/cu-privire-la-inițierea-procesului-de-amalgamarea-voluntară-2237835.html
Nisporeni,Seliște,6042,2. 1.5K - 3K,-38.7%,"1,740",TRUE,FALSE,FALSE,FALSE,,,0. Unclear or Not Initiated,0. Not Checked
Nisporeni,Șișcani,6045,1. < 1500,-41.8%,"1,291",TRUE,FALSE,FALSE,FALSE,5. Adopted,https://actelocale.gov.md/ral/act/cu-privire-la-amalgamarea-voluntară-a-unităților-administrativ-teritoriale-comuna-Șișcani-comuna-marinici-și-satul-călimănești-2303516.html,5. Adopted,https://actelocale.gov.md/ral/act/cu-privire-la-amalgamarea-voluntară-a-unităților-administrativ-teritoriale-comuna-Șișcani-comuna-marinici-și-satul-călimănești-2303516.html
Nisporeni,Soltănești,6044,1. < 1500,-32.9%,965,TRUE,FALSE,FALSE,FALSE,1. Initiated,https://actelocale.gov.md/ral/act/cu-privire-la-inițierea-procesului-de-amalgamarea-voluntară-2281547.html,1. Initiated,https://actelocale.gov.md/ral/act/cu-privire-la-inițierea-procesului-de-amalgamarea-voluntară-2281547.html
Nisporeni,Valea-Trestieni,6047,1. < 1500,-36.1%,"1,175",TRUE,FALSE,FALSE,FALSE,1. Initiated,https://actelocale.gov.md/ral/act/cu-privire-la-modificarea-pnc-3-a-deciziei-nr22-din-18052026-cu-privire-la-inițierea-procesului-de-amalgamare-voluntară-2270599.html,1. Initiated,https://actelocale.gov.md/ral/act/cu-privire-la-modificarea-pnc-3-a-deciziei-nr22-din-18052026-cu-privire-la-inițierea-procesului-de-amalgamare-voluntară-2270599.html
Nisporeni,Vărzăreşti,6052,3. 3K - 5K,-38.2%,"3,208",TRUE,FALSE,FALSE,FALSE,1. Initiated,https://actelocale.gov.md/ral/act/cu-privire-la-acceptarea-propunerii-consiliului-orășenesc-nisporeni-privind-inițierea-procesului-de-amalgamare-voluntară-cu-comuna-vărzărești-raionul-nisporeni-2278507.html,1. Initiated,https://actelocale.gov.md/ral/act/cu-privire-la-acceptarea-propunerii-consiliului-orășenesc-nisporeni-privind-inițierea-procesului-de-amalgamare-voluntară-cu-comuna-vărzărești-raionul-nisporeni-2278507.html
Nisporeni,Vînători,6054,1. < 1500,-44.4%,511,TRUE,FALSE,FALSE,FALSE,,,0. Unclear or Not Initiated,0. Not Checked
Nisporeni,Zberoaia,6055,1. < 1500,-34.1%,"1,025",TRUE,FALSE,FALSE,FALSE,1. Initiated,https://actelocale.gov.md/ral/act/cu-privire-la-inițierea-procesului-de-amalgamare-voluntară-2242759.html,1. Initiated,https://actelocale.gov.md/ral/act/cu-privire-la-inițierea-procesului-de-amalgamare-voluntară-2242759.html
Ocnița,Bîrlădeni,6210,2. 1.5K - 3K,-30.8%,"1,778",TRUE,FALSE,FALSE,FALSE,1. Initiated,https://actelocale.gov.md/ral/act/cu-privire-la-modificarea-decizieiconsiliului-comunal-bîrlădeni-nr0407-din-02032026-cu-privire-la-iniţierea-procesului-de-amalgamare-voluntară-2276273.html,1. Initiated,https://actelocale.gov.md/ral/act/cu-privire-la-modificarea-decizieiconsiliului-comunal-bîrlădeni-nr0407-din-02032026-cu-privire-la-iniţierea-procesului-de-amalgamare-voluntară-2276273.html
Ocnița,Bîrnova,6213,1. < 1500,-35.2%,"1,498",TRUE,FALSE,FALSE,FALSE,1. Initiated,https://actelocale.gov.md/ral/act/cu-privire-la-examinarea-deciziei-consiliului-orăşenesc-ocniţa-nr419-din-22042026-cu-privire-la-iniţierea-procesului-de-amalgamare-voluntară-2258497.html,1. Initiated,https://actelocale.gov.md/ral/act/cu-privire-la-examinarea-deciziei-consiliului-orăşenesc-ocniţa-nr419-din-22042026-cu-privire-la-iniţierea-procesului-de-amalgamare-voluntară-2258497.html
Ocnița,Calaraşovca,6214,2. 1.5K - 3K,-25.1%,"1,571",TRUE,FALSE,FALSE,FALSE,1. Initiated,https://actelocale.gov.md/ral/act/cu-privire-la-iniţierea-procesului-de-amalgamare-voluntară-2252223.html,1. Initiated,https://actelocale.gov.md/ral/act/cu-privire-la-iniţierea-procesului-de-amalgamare-voluntară-2252223.html
Ocnița,Clocușna,6219,1. < 1500,-34.8%,"1,365",TRUE,FALSE,FALSE,FALSE,3. Draft Consultation,https://actelocale.gov.md/ral/act/cu-privire-la-organizarea-consultărilor-publice-tema-fiind-reforma-administrativ-teritorială-şi-procesul-de-amalgamare-voluntară-a-primăriilor-iniţiată-de-guvernul-republicii-moldova-2255247.html,3. Draft Consultation,https://actelocale.gov.md/ral/act/cu-privire-la-organizarea-consultărilor-publice-tema-fiind-reforma-administrativ-teritorială-şi-procesul-de-amalgamare-voluntară-a-primăriilor-iniţiată-de-guvernul-republicii-moldova-2255247.html
Ocnița,Corestăuți,6220,1. < 1500,-31.9%,674,TRUE,FALSE,FALSE,FALSE,1. Initiated,https://actelocale.gov.md/ral/act/cu-privire-la-inițierea-procesului-de-amalgamare-voluntară-2266115.html,1. Initiated,https://actelocale.gov.md/ral/act/cu-privire-la-inițierea-procesului-de-amalgamare-voluntară-2266115.html
Ocnița,Dîngeni,6222,1. < 1500,-35.5%,"1,011",TRUE,FALSE,FALSE,FALSE,,,0. Unclear or Not Initiated,0. Not Checked
Ocnița,Frunză,6202,1. < 1500,-26.5%,581,TRUE,FALSE,FALSE,FALSE,5. Adopted,https://actelocale.gov.md/ral/act/cu-privire-la-amalgamarea-voluntară-a-unităților-administrativ-teritoriale-orașul-frunză-comuna-lencăuți-satul-mereșeuca-și-gîrbova-2303573.html,5. Adopted,https://actelocale.gov.md/ral/act/cu-privire-la-amalgamarea-voluntară-a-unităților-administrativ-teritoriale-orașul-frunză-comuna-lencăuți-satul-mereșeuca-și-gîrbova-2303573.html
Ocnița,Gîrbova,6224,1. < 1500,-30.4%,873,TRUE,FALSE,FALSE,FALSE,,,0. Unclear or Not Initiated,0. Not Checked
Ocnița,Grinăuţi-Moldova,6226,1. < 1500,-39.6%,"1,246",TRUE,FALSE,FALSE,FALSE,1. Initiated,https://actelocale.gov.md/ral/act/cu-privire-la-modificarea-deciziei-consiliului-local-nr-0304-din-27-aprilie-2026-cu-privire-la-iniţierea-procedurii-de-amalgamare-voluntară-2257588.html,1. Initiated,https://actelocale.gov.md/ral/act/cu-privire-la-modificarea-deciziei-consiliului-local-nr-0304-din-27-aprilie-2026-cu-privire-la-iniţierea-procedurii-de-amalgamare-voluntară-2257588.html
Ocnița,Hădărăuți,6228,1. < 1500,-39.0%,"1,128",TRUE,FALSE,FALSE,FALSE,1. Initiated,https://actelocale.gov.md/ral/act/cu-privire-la-convocarea-cetăţenilor-sathădărăuţi-pentru-consultări-publice-la-tema-reforma-administrativ-teritorială-şi-procesul-de-amalgamare-voluntară-a-primăriilor-iniţiată-de-guvernul-republicii-moldova-2248684.html,1. Initiated,https://actelocale.gov.md/ral/act/cu-privire-la-convocarea-cetăţenilor-sathădărăuţi-pentru-consultări-publice-la-tema-reforma-administrativ-teritorială-şi-procesul-de-amalgamare-voluntară-a-primăriilor-iniţiată-de-guvernul-republicii-moldova-2248684.html
Ocnița,Lencăuți,6229,1. < 1500,-38.0%,"1,042",TRUE,FALSE,FALSE,FALSE,,,0. Unclear or Not Initiated,0. Not Checked
Ocnița,Lipnic,6231,2. 1.5K - 3K,-36.5%,"2,077",TRUE,FALSE,FALSE,FALSE,1. Initiated,https://actelocale.gov.md/ral/act/cu-privire-la-examinarea-deciziei-nr419-din-22-aprilie-2026-a-consiliului-orăşenesc-ocniţa-cu-privire-la-iniţierea-procesului-de-amalgamare-voluntară-2260232.html,1. Initiated,https://actelocale.gov.md/ral/act/cu-privire-la-examinarea-deciziei-nr419-din-22-aprilie-2026-a-consiliului-orăşenesc-ocniţa-cu-privire-la-iniţierea-procesului-de-amalgamare-voluntară-2260232.html
Ocnița,Mereșeuca,6233,1. < 1500,-31.0%,762,TRUE,FALSE,FALSE,FALSE,,,0. Unclear or Not Initiated,0. Not Checked
Ocnița,Mihălășeni,6234,1. < 1500,-36.8%,906,TRUE,FALSE,FALSE,FALSE,5. Adopted,https://actelocale.gov.md/ral/act/cu-privire-la-amalgamarea-voluntară-a-unităților-administrativ-teritoriale-comuna-ocnița-dîngeni-mihălășeni-satul-clocușna-și-hădărăuți-2303766.html,5. Adopted,https://actelocale.gov.md/ral/act/cu-privire-la-amalgamarea-voluntară-a-unităților-administrativ-teritoriale-comuna-ocnița-dîngeni-mihălășeni-satul-clocușna-și-hădărăuți-2303766.html
Ocnița,Naslavcea,6236,1. < 1500,-45.5%,426,TRUE,FALSE,FALSE,FALSE,1. Initiated,https://actelocale.gov.md/ral/act/cu-privire-la-inițierea-procesului-de-amalgamare-voluntară-2237198.html,1. Initiated,https://actelocale.gov.md/ral/act/cu-privire-la-inițierea-procesului-de-amalgamare-voluntară-2237198.html
Ocnița,Ocnița,6237,2. 1.5K - 3K,-34.4%,"2,054",TRUE,FALSE,FALSE,FALSE,,,0. Unclear or Not Initiated,0. Not Checked
Ocnița,Orașul Ocnița,6201,4. 5K - 10K,-28.5%,"5,187",TRUE,FALSE,FALSE,FALSE,,,0. Unclear or Not Initiated,0. Not Checked
Ocnița,Otaci,6203,3. 3K - 5K,-40.5%,"3,598",TRUE,FALSE,FALSE,FALSE,,,0. Unclear or Not Initiated,0. Not Checked
Ocnița,Sauca,6239,1. < 1500,-33.5%,"1,082",TRUE,FALSE,FALSE,FALSE,1. Initiated,https://actelocale.gov.md/ral/act/cu-privire-la-inițierea-procesului-de-amalgamare-voluntară-2235267.html,1. Initiated,https://actelocale.gov.md/ral/act/cu-privire-la-inițierea-procesului-de-amalgamare-voluntară-2235267.html
Ocnița,Unguri,6240,1. < 1500,-26.3%,999,TRUE,FALSE,FALSE,FALSE,1. Initiated,https://actelocale.gov.md/ral/act/cu-privire-la-inițierea-procesului-de-amalgamare-voluntară-2256645.html,1. Initiated,https://actelocale.gov.md/ral/act/cu-privire-la-inițierea-procesului-de-amalgamare-voluntară-2256645.html
Ocnița,Vălcineț,6241,2. 1.5K - 3K,-19.0%,"1,752",TRUE,FALSE,FALSE,FALSE,1. Initiated,https://actelocale.gov.md/ral/act/cu-privire-la-inițierea-amalgamării-voluntare-2236242.html,1. Initiated,https://actelocale.gov.md/ral/act/cu-privire-la-inițierea-amalgamării-voluntare-2236242.html
Orhei,Berezlogi,6410,1. < 1500,-28.2%,"1,292",TRUE,FALSE,FALSE,FALSE,1. Initiated,https://actelocale.gov.md/ral/act/cu-privire-la-inițierea-procedurii-de-amalgamare-voluntară-2274821.html,1. Initiated,https://actelocale.gov.md/ral/act/cu-privire-la-inițierea-procedurii-de-amalgamare-voluntară-2274821.html
Orhei,Biești,6412,2. 1.5K - 3K,-26.8%,"1,675",TRUE,FALSE,FALSE,FALSE,1. Initiated,https://actelocale.gov.md/ral/act/cu-privire-la-inițierea-procesului-de-amalgamare-voluntară-2244103.html,1. Initiated,https://actelocale.gov.md/ral/act/cu-privire-la-inițierea-procesului-de-amalgamare-voluntară-2244103.html
Orhei,Bolohan,6415,1. < 1500,-29.2%,977,TRUE,FALSE,FALSE,FALSE,1. Initiated,https://actelocale.gov.md/ral/act/cu-privire-la-inițierea-procesului-de-amalgamare-voluntară-2272701.html,1. Initiated,https://actelocale.gov.md/ral/act/cu-privire-la-inițierea-procesului-de-amalgamare-voluntară-2272701.html
Orhei,Brăviceni,6416,1. < 1500,-24.8%,"1,384",TRUE,FALSE,FALSE,FALSE,1. Initiated,https://actelocale.gov.md/ral/act/cu-privire-la-completarea-deciziei-nr-42-din-19062026-amalgamare-voluntară-2282773.html,1. Initiated,https://actelocale.gov.md/ral/act/cu-privire-la-completarea-deciziei-nr-42-din-19062026-amalgamare-voluntară-2282773.html
Orhei,Bulăiești,6417,1. < 1500,-19.0%,"1,067",TRUE,FALSE,FALSE,FALSE,,,0. Unclear or Not Initiated,0. Not Checked
Orhei,Chiperceni,6420,2. 1.5K - 3K,-28.9%,"1,982",TRUE,FALSE,FALSE,FALSE,1. Initiated,https://actelocale.gov.md/ral/act/cu-privire-la-inițierea-procesului-de-amalgamare-voluntară-2239525.html,1. Initiated,https://actelocale.gov.md/ral/act/cu-privire-la-inițierea-procesului-de-amalgamare-voluntară-2239525.html
Orhei,Ciocîlteni,6423,2. 1.5K - 3K,-29.5%,"1,847",TRUE,FALSE,FALSE,FALSE,1. Initiated,https://actelocale.gov.md/ral/act/cu-privire-la-deciziei-nr-01-4414-din-29052026-amalgamare-voluntară-2275803.html,1. Initiated,https://actelocale.gov.md/ral/act/cu-privire-la-deciziei-nr-01-4414-din-29052026-amalgamare-voluntară-2275803.html
Orhei,Clişova,6426,1. < 1500,-36.5%,679,TRUE,FALSE,FALSE,FALSE,1. Initiated,https://actelocale.gov.md/ral/act/cu-privire-la-inițierea-procesului-de-amalgamare-voluntară-2239589.html,1. Initiated,https://actelocale.gov.md/ral/act/cu-privire-la-inițierea-procesului-de-amalgamare-voluntară-2239589.html
Orhei,Crihana,6428,1. < 1500,-31.9%,652,TRUE,FALSE,FALSE,FALSE,1. Initiated,https://actelocale.gov.md/ral/act/cu-privire-la-inițierea-procesului-de-amalgamare-voluntară-2288654.html,1. Initiated,https://actelocale.gov.md/ral/act/cu-privire-la-inițierea-procesului-de-amalgamare-voluntară-2288654.html
Orhei,Cucuruzeni,6431,1. < 1500,-22.8%,"1,350",TRUE,FALSE,FALSE,FALSE,1. Initiated,https://actelocale.gov.md/ral/act/cu-privire-la-examinarea-propunerii-de-inițiere-a-procesului-de-amalgamare-voluntară-2291505.html,1. Initiated,https://actelocale.gov.md/ral/act/cu-privire-la-examinarea-propunerii-de-inițiere-a-procesului-de-amalgamare-voluntară-2291505.html
Orhei,Donici,6432,1. < 1500,-30.5%,"1,227",TRUE,FALSE,FALSE,FALSE,1. Initiated,https://actelocale.gov.md/ral/act/cu-privire-la-inițierea-procesului-de-amalgamare-voluntară-2242438.html,1. Initiated,https://actelocale.gov.md/ral/act/cu-privire-la-inițierea-procesului-de-amalgamare-voluntară-2242438.html
Orhei,Ghetlova,6435,2. 1.5K - 3K,-38.4%,"1,553",TRUE,FALSE,FALSE,FALSE,,,0. Unclear or Not Initiated,0. Not Checked
Orhei,Isacova,6438,1. < 1500,-32.0%,"1,102",TRUE,FALSE,FALSE,FALSE,1. Initiated,https://actelocale.gov.md/ral/act/cu-privire-la-examinarea-propunerii-procesului-de-amalgamare-voluntară-2294505.html,1. Initiated,https://actelocale.gov.md/ral/act/cu-privire-la-examinarea-propunerii-procesului-de-amalgamare-voluntară-2294505.html
Orhei,Ivancea,6440,3. 3K - 5K,-28.0%,"3,624",TRUE,FALSE,FALSE,FALSE,1. Initiated,https://actelocale.gov.md/ral/act/cu-privire-la-inițierea-procesului-de-amalgamare-voluntară-2267518.html,1. Initiated,https://actelocale.gov.md/ral/act/cu-privire-la-inițierea-procesului-de-amalgamare-voluntară-2267518.html
Orhei,Jora de Mijloc,6443,2. 1.5K - 3K,-35.4%,"2,289",TRUE,FALSE,FALSE,FALSE,1. Initiated,https://actelocale.gov.md/ral/act/cu-privire-la-inițierea-procesului-de-amalgamare-voluntară-2270429.html,1. Initiated,https://actelocale.gov.md/ral/act/cu-privire-la-inițierea-procesului-de-amalgamare-voluntară-2270429.html
Orhei,Mălăiești,6447,1. < 1500,-29.5%,897,TRUE,FALSE,FALSE,FALSE,1. Initiated,https://actelocale.gov.md/ral/act/cu-privire-la-inițierea-procesului-de-amalgamare-voluntară-2284270.html,1. Initiated,https://actelocale.gov.md/ral/act/cu-privire-la-inițierea-procesului-de-amalgamare-voluntară-2284270.html
Orhei,Mîrzești,6419,1. < 1500,-31.1%,816,TRUE,FALSE,FALSE,FALSE,1. Initiated,https://actelocale.gov.md/ral/act/cu-privire-la-inișierea-procesului-de-amalgamare-voluntară-2264263.html,1. Initiated,https://actelocale.gov.md/ral/act/cu-privire-la-inișierea-procesului-de-amalgamare-voluntară-2264263.html
Orhei,Mitoc,6449,2. 1.5K - 3K,-34.4%,"1,800",TRUE,FALSE,FALSE,FALSE,1. Initiated,https://actelocale.gov.md/ral/act/cu-privire-la-inițierea-procesului-de-amalgamare-voluntară-2274567.html,1. Initiated,https://actelocale.gov.md/ral/act/cu-privire-la-inițierea-procesului-de-amalgamare-voluntară-2274567.html
Orhei,Morozeni,6450,1. < 1500,-34.3%,"1,143",TRUE,FALSE,FALSE,FALSE,1. Initiated,https://actelocale.gov.md/ral/act/cu-privire-la-inițierea-procesului-de-amalgamare-voluntară-2258368.html,1. Initiated,https://actelocale.gov.md/ral/act/cu-privire-la-inițierea-procesului-de-amalgamare-voluntară-2258368.html
Orhei,Neculăieuca,6439,1. < 1500,-38.4%,817,TRUE,FALSE,FALSE,FALSE,1. Initiated,https://actelocale.gov.md/ral/act/cu-privire-la-inițierea-procesului-de-amalgamare-voluntară-2287648.html,1. Initiated,https://actelocale.gov.md/ral/act/cu-privire-la-inițierea-procesului-de-amalgamare-voluntară-2287648.html
Orhei,Orhei,6401,5. > 10K,5.3%,"22,183",TRUE,FALSE,FALSE,FALSE,1. Initiated,https://actelocale.gov.md/ral/act/cu-privire-la-organizarea-procedurii-de-consultare-publică-a-poiectului-de-decizie-privind-amalgamarea-voluntară-a-unităților-administrativ-teritoriale-participante-2297656.html,1. Initiated,https://actelocale.gov.md/ral/act/cu-privire-la-organizarea-procedurii-de-consultare-publică-a-poiectului-de-decizie-privind-amalgamarea-voluntară-a-unităților-administrativ-teritoriale-participante-2297656.html
Orhei,Pelivan,6452,2. 1.5K - 3K,-26.4%,"2,397",TRUE,FALSE,FALSE,FALSE,1. Initiated,https://actelocale.gov.md/ral/act/cu-privire-la-inițierea-procesului-de-amalgamare-voluntară-2268192.html,1. Initiated,https://actelocale.gov.md/ral/act/cu-privire-la-inițierea-procesului-de-amalgamare-voluntară-2268192.html
Orhei,Peresecina,6453,4. 5K - 10K,-22.3%,"6,076",TRUE,FALSE,FALSE,FALSE,,,0. Unclear or Not Initiated,0. Not Checked
Orhei,Piatra,6454,2. 1.5K - 3K,-27.9%,"1,832",TRUE,FALSE,FALSE,FALSE,1. Initiated,https://actelocale.gov.md/ral/act/cu-privire-la-inițierea-procesului-de-amalgamare-voluntară-2274191.html,1. Initiated,https://actelocale.gov.md/ral/act/cu-privire-la-inițierea-procesului-de-amalgamare-voluntară-2274191.html
Orhei,Podgoreni,6456,1. < 1500,-39.1%,644,TRUE,FALSE,FALSE,FALSE,1. Initiated,https://actelocale.gov.md/ral/act/cu-privire-la-inițierea-procesului-de-amalgamare-voluntară-2250398.html,1. Initiated,https://actelocale.gov.md/ral/act/cu-privire-la-inițierea-procesului-de-amalgamare-voluntară-2250398.html
Orhei,Pohorniceni,6457,1. < 1500,7.4%,847,TRUE,FALSE,FALSE,FALSE,3. Draft Consultation,https://actelocale.gov.md/ral/act/cu-privire-la-inițierea-consultărilor-publice-privind-procesul-de-amalgamare-voluntară-2291046.html,3. Draft Consultation,https://actelocale.gov.md/ral/act/cu-privire-la-inițierea-consultărilor-publice-privind-procesul-de-amalgamare-voluntară-2291046.html
Orhei,Pohrebeni,6458,2. 1.5K - 3K,-29.5%,"1,861",TRUE,FALSE,FALSE,FALSE,1. Initiated,https://actelocale.gov.md/ral/act/cu-privire-la-inițierea-procesului-de-amalgamare-voluntară-2248153.html,1. Initiated,https://actelocale.gov.md/ral/act/cu-privire-la-inițierea-procesului-de-amalgamare-voluntară-2248153.html
Orhei,Puțintei,6461,1. < 1500,-36.4%,"1,382",TRUE,FALSE,FALSE,FALSE,1. Initiated,https://actelocale.gov.md/ral/act/cu-privire-la-initierea-procesului-de-amalgamare-voluntara-2241588.html,1. Initiated,https://actelocale.gov.md/ral/act/cu-privire-la-initierea-procesului-de-amalgamare-voluntara-2241588.html
Orhei,Sămănanca,6471,1. < 1500,-19.6%,619,TRUE,FALSE,FALSE,FALSE,,,0. Unclear or Not Initiated,0. Not Checked
Orhei,Seliște,6464,2. 1.5K - 3K,-30.3%,"2,822",TRUE,FALSE,FALSE,FALSE,1. Initiated,https://actelocale.gov.md/ral/act/cu-privire-la-inițierea-procesului-de-amalgamare-voluntară-2297852.html,1. Initiated,https://actelocale.gov.md/ral/act/cu-privire-la-inițierea-procesului-de-amalgamare-voluntară-2297852.html
Orhei,Step-Soci,6467,2. 1.5K - 3K,-20.1%,"1,673",TRUE,FALSE,FALSE,FALSE,1. Initiated,https://actelocale.gov.md/ral/act/cu-privire-la-inițierea-procesului-de-amalgamare-voluntară-2242749.html,1. Initiated,https://actelocale.gov.md/ral/act/cu-privire-la-inițierea-procesului-de-amalgamare-voluntară-2242749.html
Orhei,Susleni,6469,2. 1.5K - 3K,-35.3%,"2,669",TRUE,FALSE,FALSE,FALSE,1. Initiated,https://actelocale.gov.md/ral/act/cu-privire-la-inițierea-procesului-de-amalgamare-voluntară-2242982.html,1. Initiated,https://actelocale.gov.md/ral/act/cu-privire-la-inițierea-procesului-de-amalgamare-voluntară-2242982.html
Orhei,Teleșeu,6470,1. < 1500,-16.3%,978,TRUE,FALSE,FALSE,FALSE,,,0. Unclear or Not Initiated,0. Not Checked
Orhei,Trebujeni,6472,1. < 1500,-28.0%,"1,169",TRUE,FALSE,FALSE,FALSE,1. Initiated,https://actelocale.gov.md/ral/act/cu-privire-la-inițierea-procesului-de-amalgamare-voluntară-2236298.html,1. Initiated,https://actelocale.gov.md/ral/act/cu-privire-la-inițierea-procesului-de-amalgamare-voluntară-2236298.html
Orhei,Vatici,6475,2. 1.5K - 3K,-23.5%,"1,513",TRUE,FALSE,FALSE,FALSE,1. Initiated,https://actelocale.gov.md/ral/act/cu-privire-la-inițierea-procesului-de-amalgamare-voluntară-2280942.html,1. Initiated,https://actelocale.gov.md/ral/act/cu-privire-la-inițierea-procesului-de-amalgamare-voluntară-2280942.html
Orhei,Vîşcăuţi,6478,1. < 1500,-38.9%,876,TRUE,FALSE,FALSE,FALSE,2. Working Group,https://actelocale.gov.md/ral/act/cu-privire-la-solicitarea-transferului-pentru-susținerea-procesului-de-amalgamare-voluntară-2302621.html,2. Working Group,https://actelocale.gov.md/ral/act/cu-privire-la-solicitarea-transferului-pentru-susținerea-procesului-de-amalgamare-voluntară-2302621.html
Orhei,Zahoreni,6749,1. < 1500,-41.4%,855,TRUE,FALSE,FALSE,FALSE,1. Initiated,https://actelocale.gov.md/ral/act/cu-privire-la-inițierea-procesului-de-amalgamare-voluntară-2272853.html,1. Initiated,https://actelocale.gov.md/ral/act/cu-privire-la-inițierea-procesului-de-amalgamare-voluntară-2272853.html
Orhei,Zorile,6479,1. < 1500,-25.1%,673,TRUE,FALSE,FALSE,FALSE,1. Initiated,https://actelocale.gov.md/ral/act/cu-privire-la-inițierea-procesului-de-amalgamare-voluntară-2279311.html,1. Initiated,https://actelocale.gov.md/ral/act/cu-privire-la-inițierea-procesului-de-amalgamare-voluntară-2279311.html
Rezina,Buşăuca,6712,1. < 1500,-34.5%,611,TRUE,FALSE,FALSE,FALSE,5. Adopted,https://actelocale.gov.md/ral/act/cu-privire-la-amalgamarea-voluntară-a-unităților-administrativ-teritoriale-uat-cuizăuca-uat-ghiduleni-uat-cogîlniceni-uat-otac-uat-bușăuca-uat-mincenii-de-jos-2301008.html,5. Adopted,https://actelocale.gov.md/ral/act/cu-privire-la-amalgamarea-voluntară-a-unităților-administrativ-teritoriale-uat-cuizăuca-uat-ghiduleni-uat-cogîlniceni-uat-otac-uat-bușăuca-uat-mincenii-de-jos-2301008.html
Rezina,Cinișeuți,6713,2. 1.5K - 3K,-24.3%,"1,920",TRUE,FALSE,FALSE,FALSE,3. Draft Consultation,https://actelocale.gov.md/ral/act/cu-privire-la-consulotarea-publică-a-proiectului-de-decizie-cu-privire-la-amalgamarea-voluntară-a-unităților-administrativ-teritoriale-satul-cinișeuți-și-satul-echimăuți-2294802.html,3. Draft Consultation,https://actelocale.gov.md/ral/act/cu-privire-la-consulotarea-publică-a-proiectului-de-decizie-cu-privire-la-amalgamarea-voluntară-a-unităților-administrativ-teritoriale-satul-cinișeuți-și-satul-echimăuți-2294802.html
Rezina,Cogîlniceni,6714,1. < 1500,-28.6%,339,TRUE,FALSE,FALSE,FALSE,3. Draft Consultation,https://actelocale.gov.md/ral/act/cu-privire-la-iniţierea-şi-desfăşurarea-procedurii-de-consultare-publică-asupra-proiectului-de-decizie-cu-privire-la-amalgamarea-voluntară-a-unităților-administrativ-teritoriale-uat-cogîlniceni-uat-cuizăuca-uat-otac-uat-buşăuca-uat-ghiduleni-uat-mincenii-de-jos-2294876.html,3. Draft Consultation,https://actelocale.gov.md/ral/act/cu-privire-la-iniţierea-şi-desfăşurarea-procedurii-de-consultare-publică-asupra-proiectului-de-decizie-cu-privire-la-amalgamarea-voluntară-a-unităților-administrativ-teritoriale-uat-cogîlniceni-uat-cuizăuca-uat-otac-uat-buşăuca-uat-ghiduleni-uat-mincenii-de-jos-2294876.html
Rezina,Cuizăuca,6715,1. < 1500,-39.1%,839,TRUE,FALSE,FALSE,FALSE,5. Adopted,https://actelocale.gov.md/ral/act/cu-privire-la-amalgamarea-voluntară-a-unităţilor-administrative-teritoriale-uat-cuizăuca-uat-otac-uat-buşăuca-uat-ghiduleni-uat-cogîlniceni-uat-mincenii-de-jos-2303809.html,5. Adopted,https://actelocale.gov.md/ral/act/cu-privire-la-amalgamarea-voluntară-a-unităţilor-administrative-teritoriale-uat-cuizăuca-uat-otac-uat-buşăuca-uat-ghiduleni-uat-cogîlniceni-uat-mincenii-de-jos-2303809.html
Rezina,Echimăuți,6716,1. < 1500,-38.2%,"1,130",TRUE,FALSE,FALSE,FALSE,3. Draft Consultation,https://actelocale.gov.md/ral/act/cu-privire-la-consultarea-publică-a-proiectului-de-decizie-cu-privire-la-amalgamarea-voluntară-a-unităților-administrativ-teritoriale-satul-cinișeuți-și-satul-echimăuți-2294151.html,3. Draft Consultation,https://actelocale.gov.md/ral/act/cu-privire-la-consultarea-publică-a-proiectului-de-decizie-cu-privire-la-amalgamarea-voluntară-a-unităților-administrativ-teritoriale-satul-cinișeuți-și-satul-echimăuți-2294151.html
Rezina,Ghiduleni,6717,1. < 1500,-33.2%,695,TRUE,FALSE,FALSE,FALSE,5. Adopted,https://actelocale.gov.md/ral/act/cu-privire-la-amalgamarea-voluntară-a-unităților-administrativ-teritoriale-a-uat-ghiduleni-uat-cuizăuca-uat-cogîlniceni-uat-otac-uat-bușăuca-uat-mincenii-de-jos-2302840.html,5. Adopted,https://actelocale.gov.md/ral/act/cu-privire-la-amalgamarea-voluntară-a-unităților-administrativ-teritoriale-a-uat-ghiduleni-uat-cuizăuca-uat-cogîlniceni-uat-otac-uat-bușăuca-uat-mincenii-de-jos-2302840.html
Rezina,Gordinești,6720,1. < 1500,-41.0%,567,TRUE,FALSE,FALSE,FALSE,3. Draft Consultation,https://actelocale.gov.md/ral/act/cu-privire-la-inițierea-și-desfășurarea-procedurii-de-consultare-publică-asupra-proiectului-de-decizie-cu-privire-la-amalgamarea-voluntară-a-unităților-administrativ-teritoriale-uat-gordineşti-uat-trifeşti-uat-pripiceni-răzeși-uat-peciște-și-uat-pereni-2299179.html,3. Draft Consultation,https://actelocale.gov.md/ral/act/cu-privire-la-inițierea-și-desfășurarea-procedurii-de-consultare-publică-asupra-proiectului-de-decizie-cu-privire-la-amalgamarea-voluntară-a-unităților-administrativ-teritoriale-uat-gordineşti-uat-trifeşti-uat-pripiceni-răzeși-uat-peciște-și-uat-pereni-2299179.html
Rezina,Horodiște,6721,1. < 1500,-46.1%,833,TRUE,FALSE,FALSE,FALSE,5. Adopted,https://actelocale.gov.md/ral/act/cu-privire-la-amalgamarea-voluntară-a-unitățiloradministrativ-teritoriale-comuna-horodiște-orașul-rezinacomuna-lalova-comuna-Țareuca-comuna-sîrcova-comunasaharna-nouă-satul-lipceni-satul-păpăuți-și-comuna-solonceni-2301394.html,5. Adopted,https://actelocale.gov.md/ral/act/cu-privire-la-amalgamarea-voluntară-a-unitățiloradministrativ-teritoriale-comuna-horodiște-orașul-rezinacomuna-lalova-comuna-Țareuca-comuna-sîrcova-comunasaharna-nouă-satul-lipceni-satul-păpăuți-și-comuna-solonceni-2301394.html
Rezina,Ignăţei,6723,1. < 1500,-29.0%,"1,432",TRUE,FALSE,FALSE,FALSE,1. Initiated,https://actelocale.gov.md/ral/act/cu-privire-la-iniţierea-procedurii-de-amalgamare-voluntară-2235946.html,1. Initiated,https://actelocale.gov.md/ral/act/cu-privire-la-iniţierea-procedurii-de-amalgamare-voluntară-2235946.html
Rezina,Lalova,6724,1. < 1500,-54.0%,682,TRUE,FALSE,FALSE,FALSE,3. Draft Consultation,https://actelocale.gov.md/ral/act/cu-privire-la-inițierea-și-desfășurarea-procedurii-de-consultare-publică-asupra-proiectului-de-decizie-cu-privire-la-amalgamarea-voluntară-a-unităților-administrativ-teritoriale-uat-lalova-uat-rezinauat-horodișteuat-Țareucauat-saharna-nouă-uat-solonceni-uat-păpăuți-uat-lipceni-uat-sîrcova-2294649.html,3. Draft Consultation,https://actelocale.gov.md/ral/act/cu-privire-la-inițierea-și-desfășurarea-procedurii-de-consultare-publică-asupra-proiectului-de-decizie-cu-privire-la-amalgamarea-voluntară-a-unităților-administrativ-teritoriale-uat-lalova-uat-rezinauat-horodișteuat-Țareucauat-saharna-nouă-uat-solonceni-uat-păpăuți-uat-lipceni-uat-sîrcova-2294649.html
Rezina,Lipceni,6733,1. < 1500,-26.9%,367,TRUE,FALSE,FALSE,FALSE,3. Draft Consultation,https://actelocale.gov.md/ral/act/cu-privire-la-iniţierea-şi-desfăşurarea-procedurii-de-consultare-publică-asupra-proiectului-de-decizie-cu-privire-la-amalgamarea-voluntarăa-unităţilor-administrativ-teritoriale-uat-lipceni-uat-rezinauat-păpăuţ-uat-saharna-nouăuat-solonceni-uat-horodişte-uat-Ţareuca-uat-sîrcova-uat-lalova-2295030.html,3. Draft Consultation,https://actelocale.gov.md/ral/act/cu-privire-la-iniţierea-şi-desfăşurarea-procedurii-de-consultare-publică-asupra-proiectului-de-decizie-cu-privire-la-amalgamarea-voluntarăa-unităţilor-administrativ-teritoriale-uat-lipceni-uat-rezinauat-păpăuţ-uat-saharna-nouăuat-solonceni-uat-horodişte-uat-Ţareuca-uat-sîrcova-uat-lalova-2295030.html
Rezina,Mateuți,6727,1. < 1500,-23.0%,"1,416",TRUE,FALSE,FALSE,FALSE,1. Initiated,https://actelocale.gov.md/ral/act/cu-privire-la-procesul-de-amalgamare-voluntară-2260286.html,1. Initiated,https://actelocale.gov.md/ral/act/cu-privire-la-procesul-de-amalgamare-voluntară-2260286.html
Rezina,Meşeni,6728,1. < 1500,-35.7%,536,TRUE,FALSE,FALSE,FALSE,1. Initiated,https://actelocale.gov.md/ral/act/cu-privire-la-inițierea-procesului-de-amalgamare-voluntară-2228168.html,1. Initiated,https://actelocale.gov.md/ral/act/cu-privire-la-inițierea-procesului-de-amalgamare-voluntară-2228168.html
Rezina,Mincenii de Jos,6729,1. < 1500,-35.6%,413,TRUE,FALSE,FALSE,FALSE,1. Initiated,https://actelocale.gov.md/ral/act/cu-privire-la-iniţierea-procesului-de-amalgamare-voluntară-2269399.html,1. Initiated,https://actelocale.gov.md/ral/act/cu-privire-la-iniţierea-procesului-de-amalgamare-voluntară-2269399.html
Rezina,Otac,6731,1. < 1500,-26.4%,368,TRUE,FALSE,FALSE,FALSE,5. Adopted,https://actelocale.gov.md/ral/act/cu-privire-la-amalgamarea-voluntară-a-unităților-administrativ-teritoriale-uat-otac-uat-cuizăuca-uat-cogîlniceni-uat-ghiduleni-uat-bușăuca-uat-mincenii-de-jos-2303018.html,5. Adopted,https://actelocale.gov.md/ral/act/cu-privire-la-amalgamarea-voluntară-a-unităților-administrativ-teritoriale-uat-otac-uat-cuizăuca-uat-cogîlniceni-uat-ghiduleni-uat-bușăuca-uat-mincenii-de-jos-2303018.html
Rezina,Păpăuți,6732,1. < 1500,-32.4%,891,TRUE,FALSE,FALSE,FALSE,3. Draft Consultation,https://actelocale.gov.md/ral/act/cu-privire-la-iniţierea-şi-desfăşurarea-procedurii-de-consultare-publică-asupra-proiectului-de-decizie-cu-privire-la-amalgamarea-voluntară-a-unităților-administrativ-teritoriale-păpăuți-rezina-solonceni-saharna-nouă-horodiște-Țareuca-lipceni-și-sîrcovalalova-2294007.html,3. Draft Consultation,https://actelocale.gov.md/ral/act/cu-privire-la-iniţierea-şi-desfăşurarea-procedurii-de-consultare-publică-asupra-proiectului-de-decizie-cu-privire-la-amalgamarea-voluntară-a-unităților-administrativ-teritoriale-păpăuți-rezina-solonceni-saharna-nouă-horodiște-Țareuca-lipceni-și-sîrcovalalova-2294007.html
Rezina,Peciște,6734,1. < 1500,-29.4%,"1,188",TRUE,FALSE,FALSE,FALSE,3. Draft Consultation,https://actelocale.gov.md/ral/act/cu-privire-la-iniţierea-şi-desfăşurarea-procedurii-de-consultare-publică-asupra-proiectului-de-decizie-cu-privire-la-amalgamarea-voluntară-a-unităţilor-administrativ-teritoriale-uat-pecişte-uat-gordineşti-uat-pripiceni-răzeşi-uat-trifeşti-şi-uat-pereni-2297599.html,3. Draft Consultation,https://actelocale.gov.md/ral/act/cu-privire-la-iniţierea-şi-desfăşurarea-procedurii-de-consultare-publică-asupra-proiectului-de-decizie-cu-privire-la-amalgamarea-voluntară-a-unităţilor-administrativ-teritoriale-uat-pecişte-uat-gordineşti-uat-pripiceni-răzeşi-uat-trifeşti-şi-uat-pereni-2297599.html
Rezina,Pereni,6735,1. < 1500,-34.9%,375,TRUE,FALSE,FALSE,FALSE,3. Draft Consultation,https://actelocale.gov.md/ral/act/cu-privire-la-inițierea-și-desfășurarea-procedurii-de-consultare-publică-asupra-proiectului-de-decizie-cu-privire-la-amalgamarea-voluntară-a-unităților-administrativ-teritoriale-uat-trifești-uat-gordinești-uat-pripiceni-răzeși-uat-peciște-și-uat-pereni-2296621.html,3. Draft Consultation,https://actelocale.gov.md/ral/act/cu-privire-la-inițierea-și-desfășurarea-procedurii-de-consultare-publică-asupra-proiectului-de-decizie-cu-privire-la-amalgamarea-voluntară-a-unităților-administrativ-teritoriale-uat-trifești-uat-gordinești-uat-pripiceni-răzeși-uat-peciște-și-uat-pereni-2296621.html
Rezina,Pripiceni-Răzeși,6738,1. < 1500,-25.1%,801,TRUE,FALSE,FALSE,FALSE,3. Draft Consultation,https://actelocale.gov.md/ral/act/cu-privire-la-inițierea-și-desfășurarea-procedurii-de-consultare-publică-asura-proiectului-de-decizie-cu-privire-la-amalgamarea-voluntară-a-unităților-administrativ-teritoriale-uat-trifești-uat-gordinești-uat-pripiceni-răzeși-uat-peciște-și-uat-pereni-2297293.html,3. Draft Consultation,https://actelocale.gov.md/ral/act/cu-privire-la-inițierea-și-desfășurarea-procedurii-de-consultare-publică-asura-proiectului-de-decizie-cu-privire-la-amalgamarea-voluntară-a-unităților-administrativ-teritoriale-uat-trifești-uat-gordinești-uat-pripiceni-răzeși-uat-peciște-și-uat-pereni-2297293.html
Rezina,Rezina,6701,4. 5K - 10K,-15.0%,"9,380",TRUE,FALSE,FALSE,FALSE,1. Initiated,https://actelocale.gov.md/ral/act/cu-privire-la-complectarea-deciziei-nr28-din-20-martie-2026-cu-privire-la-inițierea-procesului-de-amalgamare-voluntară-2239962.html,1. Initiated,https://actelocale.gov.md/ral/act/cu-privire-la-complectarea-deciziei-nr28-din-20-martie-2026-cu-privire-la-inițierea-procesului-de-amalgamare-voluntară-2239962.html
Rezina,Saharna Nouă,6740,1. < 1500,-26.8%,970,TRUE,FALSE,FALSE,FALSE,3. Draft Consultation,https://actelocale.gov.md/ral/act/cu-privire-la-organizarea-consultarilor-publice-asupraa-proiectelui-de-decizie-cu-privire-la-amalgamarea-voluntară-a-unităților-administrativ-teritorialeuat-saharna-nouă-cu-uat-rezina-uat-solonceni-uat-horodiște-uat-Țareuca-uat-păpăuți-uat-lipiceni-uat-sîrcova-și-uat-lalova-2295547.html,3. Draft Consultation,https://actelocale.gov.md/ral/act/cu-privire-la-organizarea-consultarilor-publice-asupraa-proiectelui-de-decizie-cu-privire-la-amalgamarea-voluntară-a-unităților-administrativ-teritorialeuat-saharna-nouă-cu-uat-rezina-uat-solonceni-uat-horodiște-uat-Țareuca-uat-păpăuți-uat-lipiceni-uat-sîrcova-și-uat-lalova-2295547.html
Rezina,Sîrcova,6743,1. < 1500,-34.5%,"1,289",TRUE,FALSE,FALSE,FALSE,3. Draft Consultation,https://actelocale.gov.md/ral/act/cu-privire-la-iniţierea-consultărilor-publice-asupra-proiectului-de-decizie-cu-privire-la-amalgamarea-voluntară-a-unităţilor-administrativ-teritoriale-comuna-sîrcova-oraşul-rezina-comuna-solonceni-comuna-saharna-nouă-satul-lipceni-satul-păpăuţi-comuna-Ţareuca-comuna-horodişte-şi-comuna-lalova-2295091.html,3. Draft Consultation,https://actelocale.gov.md/ral/act/cu-privire-la-iniţierea-consultărilor-publice-asupra-proiectului-de-decizie-cu-privire-la-amalgamarea-voluntară-a-unităţilor-administrativ-teritoriale-comuna-sîrcova-oraşul-rezina-comuna-solonceni-comuna-saharna-nouă-satul-lipceni-satul-păpăuţi-comuna-Ţareuca-comuna-horodişte-şi-comuna-lalova-2295091.html
Rezina,Solonceni,6744,1. < 1500,-47.3%,874,TRUE,FALSE,FALSE,FALSE,5. Adopted,https://actelocale.gov.md/ral/act/cu-privire-la-amalgamarea-voluntară-a-unităților-administrativ-teritoriale-2303275.html,5. Adopted,https://actelocale.gov.md/ral/act/cu-privire-la-amalgamarea-voluntară-a-unităților-administrativ-teritoriale-2303275.html
Rezina,Ţareuca,6747,2. 1.5K - 3K,-30.8%,"1,818",TRUE,FALSE,FALSE,FALSE,,,0. Unclear or Not Initiated,0. Not Checked
Rezina,Trifești,6746,1. < 1500,-29.3%,509,TRUE,FALSE,FALSE,FALSE,3. Draft Consultation,https://actelocale.gov.md/ral/act/cu-privire-la-inițierea-și-desfășurarea-procedurii-de-consultare-publică-asupra-proiectului-de-decizie-cu-privire-la-amalgamarea-voluntară-a-unităților-administrativ-teritoriale-uat-trifești-uat-gordinești-uat-pripiceni-răzeși-uat-peciște-și-uat-pereni-2296632.html,3. Draft Consultation,https://actelocale.gov.md/ral/act/cu-privire-la-inițierea-și-desfășurarea-procedurii-de-consultare-publică-asupra-proiectului-de-decizie-cu-privire-la-amalgamarea-voluntară-a-unităților-administrativ-teritoriale-uat-trifești-uat-gordinești-uat-pripiceni-răzeși-uat-peciște-și-uat-pereni-2296632.html
Rîșcani,Alexăndrești,7111,1. < 1500,-24.9%,572,TRUE,FALSE,FALSE,FALSE,1. Initiated,https://actelocale.gov.md/ral/act/cu-privire-la-modificarea-deciziei-nr54-din-27052026-cu-privire-la-inițierea-procedurii-de-amalgamare-voluntară-cu-aprobarea-în-redacție-nouă-2274873.html,1. Initiated,https://actelocale.gov.md/ral/act/cu-privire-la-modificarea-deciziei-nr54-din-27052026-cu-privire-la-inițierea-procedurii-de-amalgamare-voluntară-cu-aprobarea-în-redacție-nouă-2274873.html
Rîșcani,Aluniș,7115,1. < 1500,-28.4%,"1,218",TRUE,FALSE,FALSE,FALSE,1. Initiated,https://actelocale.gov.md/ral/act/cu-privire-la-inițierea-procesului-de-amalgamare-voluntară-2238326.html,1. Initiated,https://actelocale.gov.md/ral/act/cu-privire-la-inițierea-procesului-de-amalgamare-voluntară-2238326.html
Rîșcani,Borosenii Noi,7116,1. < 1500,-33.4%,"1,024",TRUE,FALSE,FALSE,FALSE,3. Draft Consultation,https://actelocale.gov.md/ral/act/cu-privire-la-organizarea-și-desfășurarea-audierilor-publice-a-proiectului-de-decizie-privind-amalgamarea-voluntară-a-unităților-administrativ-teritoriale-2293459.html,3. Draft Consultation,https://actelocale.gov.md/ral/act/cu-privire-la-organizarea-și-desfășurarea-audierilor-publice-a-proiectului-de-decizie-privind-amalgamarea-voluntară-a-unităților-administrativ-teritoriale-2293459.html
Rîșcani,Braniște,7117,1. < 1500,-34.5%,835,TRUE,FALSE,FALSE,FALSE,1. Initiated,https://actelocale.gov.md/ral/act/cu-privire-la-inițierea-procesului-de-amalgamare-voluntară-2233556.html,1. Initiated,https://actelocale.gov.md/ral/act/cu-privire-la-inițierea-procesului-de-amalgamare-voluntară-2233556.html
Rîșcani,Corlăteni,7121,3. 3K - 5K,-14.4%,"4,646",TRUE,FALSE,FALSE,FALSE,1. Initiated,https://actelocale.gov.md/ral/act/cu-privire-la-inițierea-procesului-de-amalgamare-voluntară-2265877.html,1. Initiated,https://actelocale.gov.md/ral/act/cu-privire-la-inițierea-procesului-de-amalgamare-voluntară-2265877.html
Rîșcani,Costești,7122,2. 1.5K - 3K,-27.5%,"2,544",TRUE,FALSE,FALSE,FALSE,1. Initiated,https://actelocale.gov.md/ral/act/cu-privire-la-inițierea-procesului-de-amalgamare-voluntară-2268648.html,1. Initiated,https://actelocale.gov.md/ral/act/cu-privire-la-inițierea-procesului-de-amalgamare-voluntară-2268648.html
Rîșcani,Duruitoarea Nouă,7162,1. < 1500,-34.6%,555,TRUE,FALSE,FALSE,FALSE,,,0. Unclear or Not Initiated,0. Not Checked
Rîșcani,Gălășeni,7126,1. < 1500,-41.9%,891,TRUE,FALSE,FALSE,FALSE,1. Initiated,https://actelocale.gov.md/ral/act/cu-privire-la-initierea-amalgamarii-voluntare-2235934.html,1. Initiated,https://actelocale.gov.md/ral/act/cu-privire-la-initierea-amalgamarii-voluntare-2235934.html
Rîșcani,Grinăuți,7128,1. < 1500,-27.5%,776,TRUE,FALSE,FALSE,FALSE,1. Initiated,https://actelocale.gov.md/ral/act/cu-privire-la-iniţierea-procedurii-de-amalgamare-voluntară-a-uat-grinăuţi-2254988.html,1. Initiated,https://actelocale.gov.md/ral/act/cu-privire-la-iniţierea-procedurii-de-amalgamare-voluntară-a-uat-grinăuţi-2254988.html
Rîșcani,Hiliuți,7130,1. < 1500,-46.9%,"1,150",TRUE,FALSE,FALSE,FALSE,1. Initiated,https://actelocale.gov.md/ral/act/cu-privire-la-iniţierea-amalgamării-voluntare-2254528.html,1. Initiated,https://actelocale.gov.md/ral/act/cu-privire-la-iniţierea-amalgamării-voluntare-2254528.html
Rîșcani,Horodiște,7131,1. < 1500,-43.8%,436,TRUE,FALSE,FALSE,FALSE,3. Draft Consultation,https://actelocale.gov.md/ral/act/cu-privire-la-desfășurarea-consultărilor-publice-asupra-proiectului-de-decizie-cu-privire-la-amalgamarea-voluntară-a-unităților-administrativ-teritoriale-satul-zăicani-satul-horodiște-satul-pociumbăuți-și-comuna-pociumbeni-2297319.html,3. Draft Consultation,https://actelocale.gov.md/ral/act/cu-privire-la-desfășurarea-consultărilor-publice-asupra-proiectului-de-decizie-cu-privire-la-amalgamarea-voluntară-a-unităților-administrativ-teritoriale-satul-zăicani-satul-horodiște-satul-pociumbăuți-și-comuna-pociumbeni-2297319.html
Rîșcani,Malinovscoe,7132,1. < 1500,-28.3%,766,TRUE,FALSE,FALSE,FALSE,3. Draft Consultation,https://actelocale.gov.md/ral/act/cu-privire-la-organizarea-şi-desfăşurarea-consultărilor-publice-a-proiectului-de-decizie-cu-privire-la-amalgamarea-voluntară-a-unităţilor-administrativ-teritoriale-2292375.html,3. Draft Consultation,https://actelocale.gov.md/ral/act/cu-privire-la-organizarea-şi-desfăşurarea-consultărilor-publice-a-proiectului-de-decizie-cu-privire-la-amalgamarea-voluntară-a-unităţilor-administrativ-teritoriale-2292375.html
Rîșcani,Mihăileni,7134,2. 1.5K - 3K,-33.3%,"2,820",TRUE,FALSE,FALSE,FALSE,4. Final Meeting Scheduled,https://actelocale.gov.md/ral/act/cu-privire-la-convocarea-ședinței-ordinarea-consiliului-sătesc-mihăileni-la-31072026-2302075.html,4. Final Meeting Scheduled,https://actelocale.gov.md/ral/act/cu-privire-la-convocarea-ședinței-ordinarea-consiliului-sătesc-mihăileni-la-31072026-2302075.html
Rîșcani,Nihoreni,7164,2. 1.5K - 3K,-28.9%,"2,106",TRUE,FALSE,FALSE,FALSE,,,0. Unclear or Not Initiated,0. Not Checked
Rîșcani,Petrușeni,7136,1. < 1500,-32.9%,641,TRUE,FALSE,FALSE,FALSE,1. Initiated,https://actelocale.gov.md/ral/act/cu-privire-la-inițierea-procesului-de-amalgamare-voluntară-2243426.html,1. Initiated,https://actelocale.gov.md/ral/act/cu-privire-la-inițierea-procesului-de-amalgamare-voluntară-2243426.html
Rîșcani,Pîrjota,7138,1. < 1500,-36.5%,986,TRUE,FALSE,FALSE,FALSE,4. Final Meeting Scheduled,https://actelocale.gov.md/ral/act/cu-privire-la-convocarea-ședinței-ordinare-a-consiliului-local-2302669.html,4. Final Meeting Scheduled,https://actelocale.gov.md/ral/act/cu-privire-la-convocarea-ședinței-ordinare-a-consiliului-local-2302669.html
Rîșcani,Pociumbăuți,7141,1. < 1500,-28.3%,425,TRUE,FALSE,FALSE,FALSE,1. Initiated,https://actelocale.gov.md/ral/act/cu-privire-la-modificarea-deciziei-0207-din-17042026-cu-privire-la-inițierea-procesului-de-amalgamare-voluntară-și-acceptarea-propunerii-consiliului-local-zaicani-privind-inițierea-procesului-de-amalgamare-voluntară-2269782.html,1. Initiated,https://actelocale.gov.md/ral/act/cu-privire-la-modificarea-deciziei-0207-din-17042026-cu-privire-la-inițierea-procesului-de-amalgamare-voluntară-și-acceptarea-propunerii-consiliului-local-zaicani-privind-inițierea-procesului-de-amalgamare-voluntară-2269782.html
Rîșcani,Pociumbeni,7139,1. < 1500,-34.5%,759,TRUE,FALSE,FALSE,FALSE,1. Initiated,https://actelocale.gov.md/ral/act/cu-privire-la-inițierea-procesului-de-amalgamare-voluntară-2253542.html,1. Initiated,https://actelocale.gov.md/ral/act/cu-privire-la-inițierea-procesului-de-amalgamare-voluntară-2253542.html
Rîșcani,Răcăria,7142,1. < 1500,-19.6%,"1,289",TRUE,FALSE,FALSE,FALSE,1. Initiated,https://actelocale.gov.md/ral/act/cu-privire-la-inițierea-procesului-de-amalgamare-voluntară-a-primăriei-comunei-răcăria-cu-primăria-satul-nihoreni-2257572.html,1. Initiated,https://actelocale.gov.md/ral/act/cu-privire-la-inițierea-procesului-de-amalgamare-voluntară-a-primăriei-comunei-răcăria-cu-primăria-satul-nihoreni-2257572.html
Rîșcani,Recea,7145,2. 1.5K - 3K,-26.1%,"2,110",TRUE,FALSE,FALSE,FALSE,,,0. Unclear or Not Initiated,0. Not Checked
Rîșcani,Rîşcani,7101,4. 5K - 10K,-6.9%,"8,622",TRUE,FALSE,FALSE,FALSE,3. Draft Consultation,https://actelocale.gov.md/ral/act/cu-privire-la-consultarea-publică-a-proiectului-de-decizie-de-amalgamarea-voluntară-a-unităților-administrativ-teritoriale-2294878.html,3. Draft Consultation,https://actelocale.gov.md/ral/act/cu-privire-la-consultarea-publică-a-proiectului-de-decizie-de-amalgamarea-voluntară-a-unităților-administrativ-teritoriale-2294878.html
Rîșcani,Șaptebani,7150,1. < 1500,-41.2%,862,TRUE,FALSE,FALSE,FALSE,,,0. Unclear or Not Initiated,0. Not Checked
Rîșcani,Singureni,7148,1. < 1500,-22.3%,"1,436",TRUE,FALSE,FALSE,FALSE,,,0. Unclear or Not Initiated,0. Not Checked
Rîșcani,Sturzeni,7149,1. < 1500,-38.3%,651,TRUE,FALSE,FALSE,FALSE,3. Draft Consultation,https://actelocale.gov.md/ral/act/cu-privire-la-organizarea-şi-desfăşurarea-consultărilor-publice-a-proiectului-de-decizie-cu-privire-la-amalgamarea-voluntară-a-unităţilor-administrativ-teritoriale-2296560.html,3. Draft Consultation,https://actelocale.gov.md/ral/act/cu-privire-la-organizarea-şi-desfăşurarea-consultărilor-publice-a-proiectului-de-decizie-cu-privire-la-amalgamarea-voluntară-a-unităţilor-administrativ-teritoriale-2296560.html
Rîșcani,Şumna,7151,1. < 1500,-41.2%,285,TRUE,FALSE,FALSE,FALSE,1. Initiated,https://actelocale.gov.md/ral/act/cu-privire-la-inițierea-procesului-de-amalgamare-voluntară-2246498.html,1. Initiated,https://actelocale.gov.md/ral/act/cu-privire-la-inițierea-procesului-de-amalgamare-voluntară-2246498.html
Rîșcani,Văratic,7160,1. < 1500,-33.1%,"1,278",TRUE,FALSE,FALSE,FALSE,1. Initiated,https://actelocale.gov.md/ral/act/cu-privire-la-inițierea-procesului-de-amalgamare-voluntară-2253585.html,1. Initiated,https://actelocale.gov.md/ral/act/cu-privire-la-inițierea-procesului-de-amalgamare-voluntară-2253585.html
Rîșcani,Vasileuți,7154,2. 1.5K - 3K,-27.7%,"2,075",TRUE,FALSE,FALSE,FALSE,3. Draft Consultation,https://actelocale.gov.md/ral/act/cu-privire-la-organizarea-și-desfășurarea-consultărilor-publice-privind-inițierea-procesul-de-amalgamare-voluntară-a-comunei-vasileuți-cu-primăria-orașului-rîșcani-sat-nihoreni-com-racaria-com-malinovscoe-sat-borosenii-noi-sat-struzeni-sat-alexandrești-și-sat-pîrjota-din-raionul-rîșcani-2278553.html,3. Draft Consultation,https://actelocale.gov.md/ral/act/cu-privire-la-organizarea-și-desfășurarea-consultărilor-publice-privind-inițierea-procesul-de-amalgamare-voluntară-a-comunei-vasileuți-cu-primăria-orașului-rîșcani-sat-nihoreni-com-racaria-com-malinovscoe-sat-borosenii-noi-sat-struzeni-sat-alexandrești-și-sat-pîrjota-din-raionul-rîșcani-2278553.html
Rîșcani,Zăicani,7163,2. 1.5K - 3K,-31.4%,"1,894",TRUE,FALSE,FALSE,FALSE,4. Final Meeting Scheduled,https://actelocale.gov.md/ral/act/cu-privire-la-convocarea-şedinţei-extraordinare-a-consiliului-local-2302393.html,4. Final Meeting Scheduled,https://actelocale.gov.md/ral/act/cu-privire-la-convocarea-şedinţei-extraordinare-a-consiliului-local-2302393.html
Sîngerei,Alexăndreni,7411,3. 3K - 5K,-29.9%,"3,922",TRUE,FALSE,FALSE,FALSE,1. Initiated,https://actelocale.gov.md/ral/act/cu-privire-la-inițierea-procesului-de-amalgamare-voluntară-2264765.html,1. Initiated,https://actelocale.gov.md/ral/act/cu-privire-la-inițierea-procesului-de-amalgamare-voluntară-2264765.html
Sîngerei,Bălășești,7416,2. 1.5K - 3K,-30.7%,"1,607",TRUE,FALSE,FALSE,FALSE,1. Initiated,https://actelocale.gov.md/ral/act/cu-privire-la-iniţierea-procesului-de-amalgamare-voluntară-2264057.html,1. Initiated,https://actelocale.gov.md/ral/act/cu-privire-la-iniţierea-procesului-de-amalgamare-voluntară-2264057.html
Sîngerei,Bilicenii Noi,7417,1. < 1500,-27.4%,"1,313",TRUE,FALSE,FALSE,FALSE,1. Initiated,https://actelocale.gov.md/ral/act/cu-privire-la-abrogarea-deciziei-consiliului-comunal-bilicenii-noi-nr-310-din-06062026-cu-privire-la-inițierea-procesului-de-amalgamare-voluntară-2293061.html,1. Initiated,https://actelocale.gov.md/ral/act/cu-privire-la-abrogarea-deciziei-consiliului-comunal-bilicenii-noi-nr-310-din-06062026-cu-privire-la-inițierea-procesului-de-amalgamare-voluntară-2293061.html
Sîngerei,Bilicenii Vechi,7420,2. 1.5K - 3K,-34.7%,"2,122",TRUE,FALSE,FALSE,FALSE,1. Initiated,https://actelocale.gov.md/ral/act/cu-privire-la-inițierea-procesului-de-amalgamare-voluntară-2292972.html,1. Initiated,https://actelocale.gov.md/ral/act/cu-privire-la-inițierea-procesului-de-amalgamare-voluntară-2292972.html
Sîngerei,Biruința,7402,2. 1.5K - 3K,-16.1%,"2,203",TRUE,FALSE,FALSE,FALSE,1. Initiated,https://actelocale.gov.md/ral/act/cu-privire-la-inițierea-procesului-de-amalgamare-voluntară-2244427.html,1. Initiated,https://actelocale.gov.md/ral/act/cu-privire-la-inițierea-procesului-de-amalgamare-voluntară-2244427.html
Sîngerei,Bursuceni,7422,1. < 1500,-30.4%,865,TRUE,FALSE,FALSE,FALSE,1. Initiated,https://actelocale.gov.md/ral/act/cu-privire-la-iniţierea-procesului-de-amalgamare-voluntară-2285216.html,1. Initiated,https://actelocale.gov.md/ral/act/cu-privire-la-iniţierea-procesului-de-amalgamare-voluntară-2285216.html
Sîngerei,Chișcăreni,7424,3. 3K - 5K,-32.7%,"3,289",TRUE,FALSE,FALSE,FALSE,,,0. Unclear or Not Initiated,0. Not Checked
Sîngerei,Ciuciuieni,7427,1. < 1500,-30.8%,814,TRUE,FALSE,FALSE,FALSE,1. Initiated,https://actelocale.gov.md/ral/act/cu-privire-la-modificarea-deciziei-nr-34-din-data-27052026-cu-privire-la-inițierea-procesului-de-amalgamare-voluntară-2281609.html,1. Initiated,https://actelocale.gov.md/ral/act/cu-privire-la-modificarea-deciziei-nr-34-din-data-27052026-cu-privire-la-inițierea-procesului-de-amalgamare-voluntară-2281609.html
Sîngerei,Copăceni,7429,2. 1.5K - 3K,-41.3%,"1,534",TRUE,FALSE,FALSE,FALSE,,,0. Unclear or Not Initiated,0. Not Checked
Sîngerei,Coșcodeni,7436,2. 1.5K - 3K,-30.6%,"1,786",TRUE,FALSE,FALSE,FALSE,,,0. Unclear or Not Initiated,0. Not Checked
Sîngerei,Cotiujenii Mici,7439,1. < 1500,-36.3%,"1,065",TRUE,FALSE,FALSE,FALSE,,,0. Unclear or Not Initiated,0. Not Checked
Sîngerei,Cubolta,7442,1. < 1500,-24.2%,"1,375",TRUE,FALSE,FALSE,FALSE,1. Initiated,https://actelocale.gov.md/ral/act/cu-privire-la-acceptarea-propunerii-consiliului-hăsnășenii-mari-privind-inițierea-procesului-de-amalgamare-voluntară-2255361.html,1. Initiated,https://actelocale.gov.md/ral/act/cu-privire-la-acceptarea-propunerii-consiliului-hăsnășenii-mari-privind-inițierea-procesului-de-amalgamare-voluntară-2255361.html
Sîngerei,Dobrogea Veche,7443,1. < 1500,-25.4%,"1,257",TRUE,FALSE,FALSE,FALSE,1. Initiated,https://actelocale.gov.md/ral/act/cu-privire-la-inițierea-procesului-de-amalgamare-voluntară-2259660.html,1. Initiated,https://actelocale.gov.md/ral/act/cu-privire-la-inițierea-procesului-de-amalgamare-voluntară-2259660.html
Sîngerei,Drăgănești,7446,2. 1.5K - 3K,-37.3%,"1,843",TRUE,FALSE,FALSE,FALSE,,,0. Unclear or Not Initiated,0. Not Checked
Sîngerei,Dumbrăvița,7449,1. < 1500,-35.3%,"1,458",TRUE,FALSE,FALSE,FALSE,,,0. Unclear or Not Initiated,0. Not Checked
Sîngerei,Grigorăuca,7433,2. 1.5K - 3K,-24.5%,"1,792",TRUE,FALSE,FALSE,FALSE,1. Initiated,https://actelocale.gov.md/ral/act/cu-privire-la-inițierea-procesului-de-amalgamare-voluntară-2277013.html,1. Initiated,https://actelocale.gov.md/ral/act/cu-privire-la-inițierea-procesului-de-amalgamare-voluntară-2277013.html
Sîngerei,Heciul Nou,7452,2. 1.5K - 3K,-26.0%,"1,874",TRUE,FALSE,FALSE,FALSE,2. Working Group,https://actelocale.gov.md/ral/act/cu-privire-la-solicitarea-transferului-pentru-susţinerea-procesului-de-amalgamare-voluntară-2296878.html,2. Working Group,https://actelocale.gov.md/ral/act/cu-privire-la-solicitarea-transferului-pentru-susţinerea-procesului-de-amalgamare-voluntară-2296878.html
Sîngerei,Iezărenii Vechi,7454,1. < 1500,-34.8%,"1,156",TRUE,FALSE,FALSE,FALSE,,,0. Unclear or Not Initiated,0. Not Checked
Sîngerei,Izvoare,7456,1. < 1500,-39.7%,514,TRUE,FALSE,FALSE,FALSE,1. Initiated,https://actelocale.gov.md/ral/act/cu-privire-la-inițierea-procesului-de-amalgamare-voluntară-2273144.html,1. Initiated,https://actelocale.gov.md/ral/act/cu-privire-la-inițierea-procesului-de-amalgamare-voluntară-2273144.html
Sîngerei,Pepeni,7460,3. 3K - 5K,-29.2%,"3,962",TRUE,FALSE,FALSE,FALSE,1. Initiated,https://actelocale.gov.md/ral/act/cu-privire-la-inițierea-procesului-de-amalgamare-voluntară-2291256.html,1. Initiated,https://actelocale.gov.md/ral/act/cu-privire-la-inițierea-procesului-de-amalgamare-voluntară-2291256.html
Sîngerei,Prepelița,7465,2. 1.5K - 3K,-37.8%,"2,098",TRUE,FALSE,FALSE,FALSE,,,0. Unclear or Not Initiated,0. Not Checked
Sîngerei,Rădoaia,7468,3. 3K - 5K,-35.7%,"3,307",TRUE,FALSE,FALSE,FALSE,1. Initiated,https://actelocale.gov.md/ral/act/cu-privire-la-inițierea-procesului-de-amalgamare-voluntară-2241094.html,1. Initiated,https://actelocale.gov.md/ral/act/cu-privire-la-inițierea-procesului-de-amalgamare-voluntară-2241094.html
Sîngerei,Sîngerei,7401,4. 5K - 10K,-20.1%,"9,954",TRUE,FALSE,FALSE,FALSE,1. Initiated,https://actelocale.gov.md/ral/act/cu-privire-la-inițierea-procesului-de-amalgamare-voluntară-2266044.html,1. Initiated,https://actelocale.gov.md/ral/act/cu-privire-la-inițierea-procesului-de-amalgamare-voluntară-2266044.html
Sîngerei,Sîngereii Noi,7469,3. 3K - 5K,-36.9%,"3,233",TRUE,FALSE,FALSE,FALSE,1. Initiated,https://actelocale.gov.md/ral/act/cu-privire-la-iniţierea-procesului-de-amalgamare-voluntară-2270480.html,1. Initiated,https://actelocale.gov.md/ral/act/cu-privire-la-iniţierea-procesului-de-amalgamare-voluntară-2270480.html
Sîngerei,Ţambula,7473,1. < 1500,-26.9%,"1,134",TRUE,FALSE,FALSE,FALSE,1. Initiated,https://actelocale.gov.md/ral/act/cu-privire-la-inițierea-procesului-de-amalgamare-voluntară-2242993.html,1. Initiated,https://actelocale.gov.md/ral/act/cu-privire-la-inițierea-procesului-de-amalgamare-voluntară-2242993.html
Sîngerei,Tăura Veche,7471,1. < 1500,-21.5%,456,TRUE,FALSE,FALSE,FALSE,1. Initiated,https://actelocale.gov.md/ral/act/cu-privire-la-inițierea-procesului-de-amalgamare-voluntară-2278392.html,1. Initiated,https://actelocale.gov.md/ral/act/cu-privire-la-inițierea-procesului-de-amalgamare-voluntară-2278392.html
Șoldănești,Alcedar,8310,1. < 1500,-34.9%,803,TRUE,FALSE,FALSE,FALSE,1. Initiated,https://actelocale.gov.md/ral/act/cu-privire-la-examinarea-propunerii-primăriei-mateuţi-r-nul-rezina-privind-iniţierea-procesului-de-amalgamare-voluntară-2263837.html,1. Initiated,https://actelocale.gov.md/ral/act/cu-privire-la-examinarea-propunerii-primăriei-mateuţi-r-nul-rezina-privind-iniţierea-procesului-de-amalgamare-voluntară-2263837.html
Șoldănești,Chipeşca,8313,1. < 1500,-33.5%,901,TRUE,FALSE,FALSE,FALSE,2. Working Group,https://actelocale.gov.md/ral/act/cu-privire-la-constituirea-grupului-de-inițiativă-pentru-distribuirea-și-colectarea-chestionarilor-privind-identificarea-problemelor-prioritare-ale-localității-în-contextul-amalgamării-voluntare-2270906.html,2. Working Group,https://actelocale.gov.md/ral/act/cu-privire-la-constituirea-grupului-de-inițiativă-pentru-distribuirea-și-colectarea-chestionarilor-privind-identificarea-problemelor-prioritare-ale-localității-în-contextul-amalgamării-voluntare-2270906.html
Șoldănești,Climăuții de Jos,8314,1. < 1500,-37.4%,776,TRUE,FALSE,FALSE,FALSE,,,0. Unclear or Not Initiated,0. Not Checked
Șoldănești,Cobîlea,8316,2. 1.5K - 3K,-33.5%,"1,514",TRUE,FALSE,FALSE,FALSE,,,0. Unclear or Not Initiated,0. Not Checked
Șoldănești,Cotiujenii Mari,8317,2. 1.5K - 3K,-30.9%,"2,169",TRUE,FALSE,FALSE,FALSE,2. Working Group,https://actelocale.gov.md/ral/act/cu-privire-la-constituirea-grupului-de-iniţiativă-pentru-distribuirea-şi-colectarea-chestionarelor-privind-identificarea-problemelor-prioritare-ale-comunei-cotiujenii-mari-în-contextul-amalgamării-voluntare-2294619.html,2. Working Group,https://actelocale.gov.md/ral/act/cu-privire-la-constituirea-grupului-de-iniţiativă-pentru-distribuirea-şi-colectarea-chestionarelor-privind-identificarea-problemelor-prioritare-ale-comunei-cotiujenii-mari-în-contextul-amalgamării-voluntare-2294619.html
Șoldănești,Cușmirca,8319,1. < 1500,-34.2%,"1,359",TRUE,FALSE,FALSE,FALSE,1. Initiated,https://actelocale.gov.md/ral/act/cu-privire-ia-initierea-procesului-de-amalgamare-voluntară-2274536.html,1. Initiated,https://actelocale.gov.md/ral/act/cu-privire-ia-initierea-procesului-de-amalgamare-voluntară-2274536.html
Șoldănești,Dobrușa,8330,1. < 1500,-33.7%,881,TRUE,FALSE,FALSE,FALSE,3. Draft Consultation,https://actelocale.gov.md/ral/act/cu-privire-la-aprobarea-planului-de-consultare-a-proiectul-de-decizie-pentru-amalgamare-voluntară-2284832.html,3. Draft Consultation,https://actelocale.gov.md/ral/act/cu-privire-la-aprobarea-planului-de-consultare-a-proiectul-de-decizie-pentru-amalgamare-voluntară-2284832.html
Șoldănești,Fuzăuca,8320,1. < 1500,-35.5%,464,TRUE,FALSE,FALSE,FALSE,1. Initiated,https://actelocale.gov.md/ral/act/cu-privire-la-acceptarea-propunerii-de-iniţiere-a-procesului-de-amalgamare-voluntară-2272821.html,1. Initiated,https://actelocale.gov.md/ral/act/cu-privire-la-acceptarea-propunerii-de-iniţiere-a-procesului-de-amalgamare-voluntară-2272821.html
Șoldănești,Găuzeni,8321,1. < 1500,-28.2%,908,TRUE,FALSE,FALSE,FALSE,,,0. Unclear or Not Initiated,0. Not Checked
Șoldănești,Glinjeni,8322,1. < 1500,-39.8%,507,TRUE,FALSE,FALSE,FALSE,1. Initiated,https://actelocale.gov.md/ral/act/cu-privire-la-inițierea-procesului-de-amalgamare-voluntară-2295924.html,1. Initiated,https://actelocale.gov.md/ral/act/cu-privire-la-inițierea-procesului-de-amalgamare-voluntară-2295924.html
Șoldănești,Mihuleni,8323,1. < 1500,-38.8%,348,TRUE,FALSE,FALSE,FALSE,1. Initiated,https://actelocale.gov.md/ral/act/cu-privire-la-examinarea-propunerii-primăriei-Şoldăneşti-privind-inițierea-procesului-de-amalgamare-voluntară-2295990.html,1. Initiated,https://actelocale.gov.md/ral/act/cu-privire-la-examinarea-propunerii-primăriei-Şoldăneşti-privind-inițierea-procesului-de-amalgamare-voluntară-2295990.html
Șoldănești,Olișcani,8324,2. 1.5K - 3K,-32.9%,"1,691",TRUE,FALSE,FALSE,FALSE,1. Initiated,https://actelocale.gov.md/ral/act/cu-privire-la-iniţierea-procesului-de-amalgamare-voluntară-2258575.html,1. Initiated,https://actelocale.gov.md/ral/act/cu-privire-la-iniţierea-procesului-de-amalgamare-voluntară-2258575.html
Șoldănești,Parcani,8325,1. < 1500,-28.3%,541,TRUE,FALSE,FALSE,FALSE,1. Initiated,https://actelocale.gov.md/ral/act/cu-privire-la-inițierea-procesului-de-amalgamare-voluntară-2267930.html,1. Initiated,https://actelocale.gov.md/ral/act/cu-privire-la-inițierea-procesului-de-amalgamare-voluntară-2267930.html
Șoldănești,Pohoarna,8326,1. < 1500,-31.4%,"1,123",TRUE,FALSE,FALSE,FALSE,1. Initiated,https://actelocale.gov.md/ral/act/cu-privire-la-inițierea-procesului-de-amalgamare-voluntară-2300405.html,1. Initiated,https://actelocale.gov.md/ral/act/cu-privire-la-inițierea-procesului-de-amalgamare-voluntară-2300405.html
Șoldănești,Poiana,8327,1. < 1500,-35.5%,528,TRUE,FALSE,FALSE,FALSE,1. Initiated,https://actelocale.gov.md/ral/act/cu-privire-la-examinarea-propunerii-a-uat-mateuţi-raionul-rezina-privind-iniţierea-procesului-de-amalgamare-voluntară-2259621.html,1. Initiated,https://actelocale.gov.md/ral/act/cu-privire-la-examinarea-propunerii-a-uat-mateuţi-raionul-rezina-privind-iniţierea-procesului-de-amalgamare-voluntară-2259621.html
Șoldănești,Răspopeni,8328,2. 1.5K - 3K,-26.7%,"1,823",TRUE,FALSE,FALSE,FALSE,,,0. Unclear or Not Initiated,0. Not Checked
Șoldănești,Rogojeni,8332,1. < 1500,-39.2%,433,TRUE,8332,https://radiochisinau.md/cinci-localitati-din-floresti-si-soldanesti-au-decis-sa-se-uneasca-intro-singura-primarie-circa-26-de-milioane-de-lei-oferite-de-guvern-pentru-dezvoltare---226071.html,5. Adopted,5. Adopted,,5. Adopted,https://radiochisinau.md/cinci-localitati-din-floresti-si-soldanesti-au-decis-sa-se-uneasca-intro-singura-primarie-circa-26-de-milioane-de-lei-oferite-de-guvern-pentru-dezvoltare---226071.html
Șoldănești,Salcia,8333,1. < 1500,-34.0%,642,TRUE,FALSE,FALSE,FALSE,1. Initiated,https://actelocale.gov.md/ral/act/cu-privire-la-acceptarea-propunerii-de-inițiere-a-procesului-de-amalgamare-voluntară-2237864.html,1. Initiated,https://actelocale.gov.md/ral/act/cu-privire-la-acceptarea-propunerii-de-inițiere-a-procesului-de-amalgamare-voluntară-2237864.html
Șoldănești,Sămășcani,8335,1. < 1500,-40.4%,808,TRUE,FALSE,FALSE,FALSE,,,0. Unclear or Not Initiated,0. Not Checked
Șoldănești,Şestaci,8336,1. < 1500,-31.0%,740,TRUE,FALSE,FALSE,FALSE,,,0. Unclear or Not Initiated,0. Not Checked
Șoldănești,Șipca,8337,1. < 1500,-29.0%,491,TRUE,FALSE,FALSE,FALSE,,,0. Unclear or Not Initiated,0. Not Checked
Șoldănești,Șoldănești,8301,3. 3K - 5K,-18.5%,"4,797",TRUE,FALSE,FALSE,FALSE,,,0. Unclear or Not Initiated,0. Not Checked
Șoldănești,Vadul-Raşcov,8338,1. < 1500,-36.5%,"1,147",TRUE,FALSE,FALSE,FALSE,1. Initiated,https://actelocale.gov.md/ral/act/cu-privire-la-inițierea-procesului-de-amalgamare-voluntară-2256895.html,1. Initiated,https://actelocale.gov.md/ral/act/cu-privire-la-inițierea-procesului-de-amalgamare-voluntară-2256895.html
Soroca,Bădiceni,7810,2. 1.5K - 3K,-31.9%,"2,003",TRUE,FALSE,FALSE,FALSE,5. Adopted,https://actelocale.gov.md/ral/act/cu-privire-la-amalgamarea-voluntară-a-unităţilor-administrativ-teritoriale-comuna-bădiceni-comuna-iarova-comuna-cremenciug-satul-oclanda-2299146.html,5. Adopted,https://actelocale.gov.md/ral/act/cu-privire-la-amalgamarea-voluntară-a-unităţilor-administrativ-teritoriale-comuna-bădiceni-comuna-iarova-comuna-cremenciug-satul-oclanda-2299146.html
Soroca,Băxani,7812,1. < 1500,-31.1%,522,TRUE,7812,https://unika.md/news/patru-localitati-din-soroca-se-unesc-intr-o-singura-primarie-vor-primi-aproape-20-de-milioane,5. Adopted,5. Adopted,,5. Adopted,https://unika.md/news/patru-localitati-din-soroca-se-unesc-intr-o-singura-primarie-vor-primi-aproape-20-de-milioane
Soroca,Bulboci,7813,1. < 1500,-40.3%,"1,177",TRUE,7813,https://www.facebook.com/share/r/1EMYQxZcAn/,5. Adopted,5. Adopted,,5. Adopted,https://www.facebook.com/share/r/1EMYQxZcAn/
Soroca,Căinarii Vechi,7815,2. 1.5K - 3K,-34.8%,"1,742",TRUE,7815,https://www.facebook.com/share/r/1EMYQxZcAn/,5. Adopted,5. Adopted,,5. Adopted,https://www.facebook.com/share/r/1EMYQxZcAn/
Soroca,Cosăuţi,7817,2. 1.5K - 3K,-33.0%,"2,180",TRUE,7817,https://raw.githubusercontent.com/frank0051/Moldova-Primarii-Puternice-Dashboard/refs/heads/main/Other%20Sources/Soroca-08.txt,5. Adopted,5. Adopted,,5. Adopted,https://raw.githubusercontent.com/frank0051/Moldova-Primarii-Puternice-Dashboard/refs/heads/main/Other%20Sources/Soroca-08.txt
Soroca,Cremenciug,7819,1. < 1500,-34.9%,579,TRUE,FALSE,FALSE,FALSE,1. Initiated,https://actelocale.gov.md/ral/act/cu-privire-la-acceptarea-propunerii-de-inițiere-a-procesului-de-amalgamare-voluntară-2246265.html,1. Initiated,https://actelocale.gov.md/ral/act/cu-privire-la-acceptarea-propunerii-de-inițiere-a-procesului-de-amalgamare-voluntară-2246265.html
Soroca,Dărcăuți,7824,1. < 1500,-26.3%,941,TRUE,7824,https://www.moldpres.md/rom/politica/grupuri-de-primarii-amalgamate-au-fost-create-in-toate-regiunile-tarii-investitii-de-366-de-milioane-de-lei-planificate-de-guvern-pentru-modernizarea-localitatilor,5. Adopted,5. Adopted,,5. Adopted,https://www.moldpres.md/rom/politica/grupuri-de-primarii-amalgamate-au-fost-create-in-toate-regiunile-tarii-investitii-de-366-de-milioane-de-lei-planificate-de-guvern-pentru-modernizarea-localitatilor
Soroca,Dubna,7827,1. < 1500,-33.3%,442,TRUE,7827,https://raw.githubusercontent.com/frank0051/Moldova-Primarii-Puternice-Dashboard/refs/heads/main/Other%20Sources/Soroca-02.txt,5. Adopted,5. Adopted,,5. Adopted,https://raw.githubusercontent.com/frank0051/Moldova-Primarii-Puternice-Dashboard/refs/heads/main/Other%20Sources/Soroca-02.txt
Soroca,Egoreni,7828,1. < 1500,-25.1%,667,TRUE,7828,https://actelocale.gov.md/ral/act/cu-privire-la-amalgamarea-voluntar%C4%83-a-unit%C4%83%C8%9Bilor-administrativ-teritoriale-municipiul-soroca-%C8%99i-satul-egoreni-raionul-soroca-2303042.html,5. Adopted,5. Adopted,,5. Adopted,https://actelocale.gov.md/ral/act/cu-privire-la-amalgamarea-voluntar%C4%83-a-unit%C4%83%C8%9Bilor-administrativ-teritoriale-municipiul-soroca-%C8%99i-satul-egoreni-raionul-soroca-2303042.html
Soroca,Holoșnița,7829,1. < 1500,-34.8%,788,TRUE,FALSE,FALSE,FALSE,5. Adopted,https://actelocale.gov.md/ral/act/cu-privire-la-amalgamarea-voluntară-a-unităților-administrativ-teritoriale-comuna-ocolina-comuna-schineni-comuna-regina-maria-comuna-pîrlița-satul-hristici-2302793.html,5. Adopted,https://actelocale.gov.md/ral/act/cu-privire-la-amalgamarea-voluntară-a-unităților-administrativ-teritoriale-comuna-ocolina-comuna-schineni-comuna-regina-maria-comuna-pîrlița-satul-hristici-2302793.html
Soroca,Hristici,7831,1. < 1500,-39.3%,671,TRUE,FALSE,FALSE,FALSE,5. Adopted,https://actelocale.gov.md/ral/act/cu-privire-la-amalgamarea-voluntară-a-unităților-administrativ-teritoriale-comuna-ocolina-comuna-schineni-comuna-regina-maria-comuna-pîrlița-satul-hristici-2302793.html,5. Adopted,https://actelocale.gov.md/ral/act/cu-privire-la-amalgamarea-voluntară-a-unităților-administrativ-teritoriale-comuna-ocolina-comuna-schineni-comuna-regina-maria-comuna-pîrlița-satul-hristici-2302793.html
Soroca,Iarova,7832,1. < 1500,-29.9%,540,TRUE,FALSE,FALSE,FALSE,1. Initiated,https://actelocale.gov.md/ral/act/cu-privire-la-acceptarea-propunerii-de-inițiere-a-procesului-de-amalgamare-voluntară-2245778.html,1. Initiated,https://actelocale.gov.md/ral/act/cu-privire-la-acceptarea-propunerii-de-inițiere-a-procesului-de-amalgamare-voluntară-2245778.html
Soroca,Nimereuca,1930,2. 1.5K - 3K,-33.8%,"2,023",TRUE,FALSE,FALSE,FALSE,,,0. Unclear or Not Initiated,0. Not Checked
Soroca,Oclanda,7821,1. < 1500,-28.7%,360,TRUE,FALSE,FALSE,FALSE,1. Initiated,https://actelocale.gov.md/ral/act/cu-privire-la-acceptarea-propunerii-de-inițiere-a-procesului-de-amalgamare-voluntară-2245342.html,1. Initiated,https://actelocale.gov.md/ral/act/cu-privire-la-acceptarea-propunerii-de-inițiere-a-procesului-de-amalgamare-voluntară-2245342.html
Soroca,Ocolina,7835,1. < 1500,-25.6%,"1,241",TRUE,FALSE,FALSE,FALSE,1. Initiated,https://actelocale.gov.md/ral/act/cu-privire-la-inițierea-procesului-de-amalgamare-voluntară-2251501.html,1. Initiated,https://actelocale.gov.md/ral/act/cu-privire-la-inițierea-procesului-de-amalgamare-voluntară-2251501.html
Soroca,Parcani,7837,1. < 1500,-41.9%,"1,004",TRUE,7837,https://raw.githubusercontent.com/frank0051/Moldova-Primarii-Puternice-Dashboard/refs/heads/main/Other%20Sources/Soroca-02.txt,5. Adopted,5. Adopted,,5. Adopted,https://raw.githubusercontent.com/frank0051/Moldova-Primarii-Puternice-Dashboard/refs/heads/main/Other%20Sources/Soroca-02.txt
Soroca,Pîrliţa,7838,1. < 1500,-35.7%,464,TRUE,FALSE,FALSE,FALSE,,,0. Unclear or Not Initiated,0. Not Checked
Soroca,Racovăț,7841,2. 1.5K - 3K,-39.4%,"1,762",TRUE,FALSE,FALSE,FALSE,,,0. Unclear or Not Initiated,0. Not Checked
Soroca,Redi-Cereşnovăţ,7842,1. < 1500,-33.2%,542,TRUE,7842,https://raw.githubusercontent.com/frank0051/Moldova-Primarii-Puternice-Dashboard/refs/heads/main/Other%20Sources/Soroca-02.txt,5. Adopted,5. Adopted,,5. Adopted,https://raw.githubusercontent.com/frank0051/Moldova-Primarii-Puternice-Dashboard/refs/heads/main/Other%20Sources/Soroca-02.txt
Soroca,Regina Maria,7843,1. < 1500,-42.0%,391,TRUE,FALSE,FALSE,FALSE,5. Adopted,https://actelocale.gov.md/ral/act/cu-privire-la-amalgamarea-voluntară-a-unităților-administrativ-teritoriale-comuna-regina-maria-comuna-pîrlița-comuna-ocolina-comuna-schineni-și-satul-hristici-2302870.html,5. Adopted,https://actelocale.gov.md/ral/act/cu-privire-la-amalgamarea-voluntară-a-unităților-administrativ-teritoriale-comuna-regina-maria-comuna-pîrlița-comuna-ocolina-comuna-schineni-și-satul-hristici-2302870.html
Soroca,Rublenița,7845,2. 1.5K - 3K,-28.5%,"2,342",TRUE,7845,https://unika.md/news/patru-localitati-din-soroca-se-unesc-intr-o-singura-primarie-vor-primi-aproape-20-de-milioane,5. Adopted,5. Adopted,,5. Adopted,https://unika.md/news/patru-localitati-din-soroca-se-unesc-intr-o-singura-primarie-vor-primi-aproape-20-de-milioane
Soroca,Rudi,3436,1. < 1500,-22.3%,783,TRUE,3436,https://www.moldpres.md/rom/politica/grupuri-de-primarii-amalgamate-au-fost-create-in-toate-regiunile-tarii-investitii-de-366-de-milioane-de-lei-planificate-de-guvern-pentru-modernizarea-localitatilor,5. Adopted,5. Adopted,,5. Adopted,https://www.moldpres.md/rom/politica/grupuri-de-primarii-amalgamate-au-fost-create-in-toate-regiunile-tarii-investitii-de-366-de-milioane-de-lei-planificate-de-guvern-pentru-modernizarea-localitatilor
Soroca,Schineni,7847,1. < 1500,-33.2%,957,TRUE,FALSE,FALSE,FALSE,1. Initiated,https://actelocale.gov.md/ral/act/cu-privire-la-acceptarea-propunerii-de-inițiere-a-procesului-de-amalgamare-voluntară-2260558.html,1. Initiated,https://actelocale.gov.md/ral/act/cu-privire-la-acceptarea-propunerii-de-inițiere-a-procesului-de-amalgamare-voluntară-2260558.html
Soroca,Șeptelici,7854,1. < 1500,-28.2%,691,TRUE,7854,https://unika.md/news/patru-localitati-din-soroca-se-unesc-intr-o-singura-primarie-vor-primi-aproape-20-de-milioane,5. Adopted,5. Adopted,,5. Adopted,https://unika.md/news/patru-localitati-din-soroca-se-unesc-intr-o-singura-primarie-vor-primi-aproape-20-de-milioane
Soroca,Şolcani,7855,1. < 1500,-32.0%,958,TRUE,7855,https://unika.md/news/patru-localitati-din-soroca-se-unesc-intr-o-singura-primarie-vor-primi-aproape-20-de-milioane,5. Adopted,5. Adopted,,5. Adopted,https://unika.md/news/patru-localitati-din-soroca-se-unesc-intr-o-singura-primarie-vor-primi-aproape-20-de-milioane
Soroca,Soroca,7801,5. > 10K,-4.8%,"21,135",TRUE,7801,https://www.facebook.com/observatorul.md/posts/pfbid02ZTVkAgB2aUsLLeMbqqeRXCn49VcZFbhaX1gfKsYbMdgxT3JsbPMZPjW88iTr18EKl,5. Adopted,5. Adopted,,5. Adopted,https://www.facebook.com/observatorul.md/posts/pfbid02ZTVkAgB2aUsLLeMbqqeRXCn49VcZFbhaX1gfKsYbMdgxT3JsbPMZPjW88iTr18EKl
Soroca,Stoicani,7852,1. < 1500,-30.9%,831,TRUE,7852,https://raw.githubusercontent.com/frank0051/Moldova-Primarii-Puternice-Dashboard/refs/heads/main/Other%20Sources/Soroca-02.txt,5. Adopted,5. Adopted,,5. Adopted,https://raw.githubusercontent.com/frank0051/Moldova-Primarii-Puternice-Dashboard/refs/heads/main/Other%20Sources/Soroca-02.txt
Soroca,Tătărăuca Veche,3440,1. < 1500,-31.9%,"1,205",TRUE,FALSE,FALSE,FALSE,,,0. Unclear or Not Initiated,0. Not Checked
Soroca,Trifăuți,7860,1. < 1500,-32.5%,630,TRUE,FALSE,FALSE,FALSE,1. Initiated,https://actelocale.gov.md/ral/act/cu-privire-la-acceptarea-propunerii-de-inițiere-a-procesului-de-amalgamare-voluntară-2268664.html,1. Initiated,https://actelocale.gov.md/ral/act/cu-privire-la-acceptarea-propunerii-de-inițiere-a-procesului-de-amalgamare-voluntară-2268664.html
Soroca,Vădeni,7861,1. < 1500,-37.9%,"1,194",TRUE,7861,https://www.facebook.com/share/r/1EMYQxZcAn/,5. Adopted,5. Adopted,,5. Adopted,https://www.facebook.com/share/r/1EMYQxZcAn/
Soroca,Vărăncău,7851,2. 1.5K - 3K,-31.6%,"2,135",TRUE,FALSE,FALSE,FALSE,1. Initiated,https://actelocale.gov.md/ral/act/cu-privire-la-acceptarea-propunerii-de-inițiere-a-procesului-de-amalgamare-voluntară-2242755.html,1. Initiated,https://actelocale.gov.md/ral/act/cu-privire-la-acceptarea-propunerii-de-inițiere-a-procesului-de-amalgamare-voluntară-2242755.html
Soroca,Vasilcău,7857,2. 1.5K - 3K,-30.8%,"1,638",TRUE,FALSE,FALSE,FALSE,1. Initiated,https://actelocale.gov.md/ral/act/cu-privire-la-inițierea-procesului-de-amalgamare-voluntară-2245864.html,1. Initiated,https://actelocale.gov.md/ral/act/cu-privire-la-inițierea-procesului-de-amalgamare-voluntară-2245864.html
Soroca,Visoca,3450,1. < 1500,-32.7%,"1,165",TRUE,3450,https://www.moldpres.md/rom/politica/grupuri-de-primarii-amalgamate-au-fost-create-in-toate-regiunile-tarii-investitii-de-366-de-milioane-de-lei-planificate-de-guvern-pentru-modernizarea-localitatilor,5. Adopted,5. Adopted,,5. Adopted,https://www.moldpres.md/rom/politica/grupuri-de-primarii-amalgamate-au-fost-create-in-toate-regiunile-tarii-investitii-de-366-de-milioane-de-lei-planificate-de-guvern-pentru-modernizarea-localitatilor
Soroca,Volovița,7864,1. < 1500,-24.4%,"1,399",TRUE,7864,https://raw.githubusercontent.com/frank0051/Moldova-Primarii-Puternice-Dashboard/refs/heads/main/Other%20Sources/Soroca-02.txt,5. Adopted,5. Adopted,,5. Adopted,https://raw.githubusercontent.com/frank0051/Moldova-Primarii-Puternice-Dashboard/refs/heads/main/Other%20Sources/Soroca-02.txt
Soroca,Zastînca,7866,2. 1.5K - 3K,-25.1%,"1,507",TRUE,7866,https://raw.githubusercontent.com/frank0051/Moldova-Primarii-Puternice-Dashboard/refs/heads/main/Other%20Sources/Soroca-08.txt,5. Adopted,5. Adopted,,5. Adopted,https://raw.githubusercontent.com/frank0051/Moldova-Primarii-Puternice-Dashboard/refs/heads/main/Other%20Sources/Soroca-08.txt
Ștefan Vodă,Alava,8510,1. < 1500,-26.9%,307,TRUE,FALSE,FALSE,FALSE,5. Adopted,https://actelocale.gov.md/ral/act/cu-privire-la-amalgamarea-voluntară-a-unităţilor-administrativ-teritoriale-oraşul-Ştefan-vodă-comuna-alava-satul-cioburciu-satul-marianca-de-jos-şi-satul-Ştefăneşti-2302615.html,5. Adopted,https://actelocale.gov.md/ral/act/cu-privire-la-amalgamarea-voluntară-a-unităţilor-administrativ-teritoriale-oraşul-Ştefan-vodă-comuna-alava-satul-cioburciu-satul-marianca-de-jos-şi-satul-Ştefăneşti-2302615.html
Ștefan Vodă,Antonești,8512,2. 1.5K - 3K,-31.4%,"1,745",TRUE,FALSE,FALSE,FALSE,5. Adopted,https://actelocale.gov.md/ral/act/cu-privire-la-amalgamarea-voluntară-a-unităților-administrativ-teritoriale-uat-antonești-uat-purcari-uat-carahasani-2302555.html,5. Adopted,https://actelocale.gov.md/ral/act/cu-privire-la-amalgamarea-voluntară-a-unităților-administrativ-teritoriale-uat-antonești-uat-purcari-uat-carahasani-2302555.html
Ștefan Vodă,Brezoaia,8513,1. < 1500,-37.9%,542,TRUE,FALSE,FALSE,FALSE,1. Initiated,https://actelocale.gov.md/ral/act/Сu-privire-la-iniţierea-procesului-de-amalgamare-voluntară-2268714.html,1. Initiated,https://actelocale.gov.md/ral/act/Сu-privire-la-iniţierea-procesului-de-amalgamare-voluntară-2268714.html
Ștefan Vodă,Căplani,8515,2. 1.5K - 3K,-40.6%,"1,956",TRUE,8515,https://raw.githubusercontent.com/frank0051/Moldova-Primarii-Puternice-Dashboard/refs/heads/main/Other%20Sources/Stefan%20Voda-01.txt,5. Adopted,5. Adopted,,5. Adopted,https://raw.githubusercontent.com/frank0051/Moldova-Primarii-Puternice-Dashboard/refs/heads/main/Other%20Sources/Stefan%20Voda-01.txt
Ștefan Vodă,Carahasani,8514,2. 1.5K - 3K,-34.7%,"1,609",TRUE,FALSE,FALSE,FALSE,5. Adopted,https://actelocale.gov.md/ral/act/cu-privire-la-amalgamarea-voluntară-a-unităților-administrativ-teritorialeuat-purcari-uat-antonești-uat-carahasani-2303153.html,5. Adopted,https://actelocale.gov.md/ral/act/cu-privire-la-amalgamarea-voluntară-a-unităților-administrativ-teritorialeuat-purcari-uat-antonești-uat-carahasani-2303153.html
Ștefan Vodă,Cioburciu,8516,2. 1.5K - 3K,-34.4%,"1,688",TRUE,FALSE,FALSE,FALSE,1. Initiated,https://actelocale.gov.md/ral/act/cu-privire-la-iniţierea-procesului-de-amalgamare-voluntară-2250104.html,1. Initiated,https://actelocale.gov.md/ral/act/cu-privire-la-iniţierea-procesului-de-amalgamare-voluntară-2250104.html
Ștefan Vodă,Copceac,8517,2. 1.5K - 3K,-27.7%,"1,637",TRUE,FALSE,FALSE,FALSE,,,0. Unclear or Not Initiated,0. Not Checked
Ștefan Vodă,Crocmaz,8518,2. 1.5K - 3K,-32.7%,"1,769",TRUE,8518,https://raw.githubusercontent.com/frank0051/Moldova-Primarii-Puternice-Dashboard/refs/heads/main/Other%20Sources/Stefan%20Voda-01.txt,5. Adopted,5. Adopted,,5. Adopted,https://raw.githubusercontent.com/frank0051/Moldova-Primarii-Puternice-Dashboard/refs/heads/main/Other%20Sources/Stefan%20Voda-01.txt
Ștefan Vodă,Ermoclia,8519,2. 1.5K - 3K,-34.4%,"2,524",TRUE,8519,https://raw.githubusercontent.com/frank0051/Moldova-Primarii-Puternice-Dashboard/refs/heads/main/Other%20Sources/Stefan%20Voda-02.txt,5. Adopted,5. Adopted,,5. Adopted,https://raw.githubusercontent.com/frank0051/Moldova-Primarii-Puternice-Dashboard/refs/heads/main/Other%20Sources/Stefan%20Voda-02.txt
Ștefan Vodă,Feștelița,8520,2. 1.5K - 3K,-37.6%,"1,838",TRUE,8520,https://raw.githubusercontent.com/frank0051/Moldova-Primarii-Puternice-Dashboard/refs/heads/main/Other%20Sources/Stefan%20Voda-02.txt,5. Adopted,5. Adopted,,5. Adopted,https://raw.githubusercontent.com/frank0051/Moldova-Primarii-Puternice-Dashboard/refs/heads/main/Other%20Sources/Stefan%20Voda-02.txt
Ștefan Vodă,Marianca de Jos,8524,1. < 1500,-26.9%,377,TRUE,FALSE,FALSE,FALSE,5. Adopted,https://actelocale.gov.md/ral/act/cu-privire-la-amalgamarea-voluntară-a-unităților-administrativ-teritoriale-orașul-Ștefan-vodă-satul-marianca-de-jos-comuna-alava-satul-cioburciu-și-satul-Ștefănești-2301500.html,5. Adopted,https://actelocale.gov.md/ral/act/cu-privire-la-amalgamarea-voluntară-a-unităților-administrativ-teritoriale-orașul-Ștefan-vodă-satul-marianca-de-jos-comuna-alava-satul-cioburciu-și-satul-Ștefănești-2301500.html
Ștefan Vodă,Olănești,8525,3. 3K - 5K,-32.1%,"3,027",TRUE,FALSE,FALSE,FALSE,,,0. Unclear or Not Initiated,0. Not Checked
Ștefan Vodă,Palanca,8526,1. < 1500,-29.3%,"1,207",TRUE,FALSE,FALSE,FALSE,,,0. Unclear or Not Initiated,0. Not Checked
Ștefan Vodă,Popeasca,8527,2. 1.5K - 3K,-25.5%,"1,775",TRUE,FALSE,FALSE,FALSE,5. Adopted,https://actelocale.gov.md/ral/act/cu-privire-la-modificarea-deciziei-consiliului-local-nr-44-din-02062026-cu-privire-la-iniţierea-procesului-de-amalgamare-voluntară-2269443.html,5. Adopted,https://actelocale.gov.md/ral/act/cu-privire-la-modificarea-deciziei-consiliului-local-nr-44-din-02062026-cu-privire-la-iniţierea-procesului-de-amalgamare-voluntară-2269443.html
Ștefan Vodă,Purcari,8528,2. 1.5K - 3K,-33.0%,"1,586",TRUE,FALSE,FALSE,FALSE,3. Draft Consultation,https://actelocale.gov.md/ral/act/cu-privire-la-iniţierea-consultărilor-publice-a-proiectului-de-decizie-cu-privire-la-amalgamarea-voluntară-a-unităţilor-administrative-teritoriale-uat-purcariuat-antoneştiuat-carahasani-2279543.html,3. Draft Consultation,https://actelocale.gov.md/ral/act/cu-privire-la-iniţierea-consultărilor-publice-a-proiectului-de-decizie-cu-privire-la-amalgamarea-voluntară-a-unităţilor-administrative-teritoriale-uat-purcariuat-antoneştiuat-carahasani-2279543.html
Ștefan Vodă,Răscăieţi,8530,2. 1.5K - 3K,-32.3%,"2,108",TRUE,FALSE,FALSE,FALSE,2. Working Group,https://actelocale.gov.md/ral/act/cu-privire-la-aprobarea-propunerii-de-solicitare-a-transferului-cu-destinație-specială-primul-stimulent-pentru-pregătirea-procesului-de-amalgamare-voluntară-2294752.html,2. Working Group,https://actelocale.gov.md/ral/act/cu-privire-la-aprobarea-propunerii-de-solicitare-a-transferului-cu-destinație-specială-primul-stimulent-pentru-pregătirea-procesului-de-amalgamare-voluntară-2294752.html
Ștefan Vodă,Semionovca,8532,1. < 1500,-38.7%,410,TRUE,FALSE,FALSE,FALSE,1. Initiated,https://actelocale.gov.md/ral/act/cu-privire-la-inițierea-procesului-de-amalgamare-voluntară-2266068.html,1. Initiated,https://actelocale.gov.md/ral/act/cu-privire-la-inițierea-procesului-de-amalgamare-voluntară-2266068.html
Ștefan Vodă,Slobozia,8533,2. 1.5K - 3K,-37.8%,"2,161",TRUE,FALSE,FALSE,FALSE,2. Working Group,https://actelocale.gov.md/ral/act/cu-privire-la-solicitarea-transferuluipentru-susținerea-procesului-de-amalgamare-voluntară-2294253.html,2. Working Group,https://actelocale.gov.md/ral/act/cu-privire-la-solicitarea-transferuluipentru-susținerea-procesului-de-amalgamare-voluntară-2294253.html
Ștefan Vodă,Ștefan Vodă,8501,4. 5K - 10K,-23.2%,"5,436",TRUE,FALSE,FALSE,FALSE,1. Initiated,https://actelocale.gov.md/ral/act/cu-privire-la-inițierea-procesului-de-amalgamare-voluntară-2265105.html,1. Initiated,https://actelocale.gov.md/ral/act/cu-privire-la-inițierea-procesului-de-amalgamare-voluntară-2265105.html
Ștefan Vodă,Ștefănești,8534,1. < 1500,-31.7%,740,TRUE,FALSE,FALSE,FALSE,,,0. Unclear or Not Initiated,0. Not Checked
Ștefan Vodă,Talmaza,8535,3. 3K - 5K,-29.7%,"4,460",TRUE,FALSE,FALSE,FALSE,1. Initiated,https://actelocale.gov.md/ral/act/cu-privire-la-inițierea-procesului-de-amalgamare-voluntară-2246703.html,1. Initiated,https://actelocale.gov.md/ral/act/cu-privire-la-inițierea-procesului-de-amalgamare-voluntară-2246703.html
Ștefan Vodă,Tudora,8536,1. < 1500,-25.5%,"1,317",TRUE,8536,https://raw.githubusercontent.com/frank0051/Moldova-Primarii-Puternice-Dashboard/refs/heads/main/Other%20Sources/Stefan%20Voda-01.txt,5. Adopted,5. Adopted,,5. Adopted,https://raw.githubusercontent.com/frank0051/Moldova-Primarii-Puternice-Dashboard/refs/heads/main/Other%20Sources/Stefan%20Voda-01.txt
Ștefan Vodă,Volintiri,8537,2. 1.5K - 3K,-36.8%,"2,066",TRUE,FALSE,FALSE,FALSE,1. Initiated,https://actelocale.gov.md/ral/act/cu-privire-la-inițierea-procesului-de-amalgamare-voluntară-2272238.html,1. Initiated,https://actelocale.gov.md/ral/act/cu-privire-la-inițierea-procesului-de-amalgamare-voluntară-2272238.html
Strășeni,Bucovăț,8002,1. < 1500,-33.5%,"1,064",TRUE,FALSE,FALSE,FALSE,,,0. Unclear or Not Initiated,0. Not Checked
Strășeni,Căpriana,8011,2. 1.5K - 3K,-32.5%,"1,560",TRUE,FALSE,FALSE,FALSE,4. Final Meeting Scheduled,https://actelocale.gov.md/ral/act/cu-privire-la-convocarea-consiliului-sătesc-căpriana-în-ședința-ordinară-2300323.html,4. Final Meeting Scheduled,https://actelocale.gov.md/ral/act/cu-privire-la-convocarea-consiliului-sătesc-căpriana-în-ședința-ordinară-2300323.html
Strășeni,Chirianca,8012,1. < 1500,-31.0%,660,TRUE,FALSE,FALSE,FALSE,1. Initiated,https://actelocale.gov.md/ral/act/cu-privire-la-inițierea-procesului-de-amalgamare-voluntară-2248287.html,1. Initiated,https://actelocale.gov.md/ral/act/cu-privire-la-inițierea-procesului-de-amalgamare-voluntară-2248287.html
Strășeni,Codreanca,8013,2. 1.5K - 3K,-21.1%,"1,765",TRUE,FALSE,FALSE,FALSE,,,0. Unclear or Not Initiated,0. Not Checked
Strășeni,Cojuşna,8015,4. 5K - 10K,-16.2%,"5,235",TRUE,FALSE,FALSE,FALSE,,,0. Unclear or Not Initiated,0. Not Checked
Strășeni,Dolna,6030,1. < 1500,-32.5%,699,TRUE,FALSE,FALSE,FALSE,1. Initiated,https://actelocale.gov.md/ral/act/cu-privire-la-inițierea-procesului-de-amalgamare-voluntară-2274718.html,1. Initiated,https://actelocale.gov.md/ral/act/cu-privire-la-inițierea-procesului-de-amalgamare-voluntară-2274718.html
Strășeni,Gălești,8016,2. 1.5K - 3K,-37.5%,"1,673",TRUE,FALSE,FALSE,FALSE,1. Initiated,https://actelocale.gov.md/ral/act/cu-privire-la-modificarea-deciziei-nr31-din-04-mai-2026-cu-privire-la-inițierea-procesului-de-amalgamare-voluntară-2283754.html,1. Initiated,https://actelocale.gov.md/ral/act/cu-privire-la-modificarea-deciziei-nr31-din-04-mai-2026-cu-privire-la-inițierea-procesului-de-amalgamare-voluntară-2283754.html
Strășeni,Ghelăuza,8018,1. < 1500,-34.9%,810,TRUE,FALSE,FALSE,FALSE,1. Initiated,https://actelocale.gov.md/ral/act/cu-privire-la-modificarea-deciziei-consiliului-comunal-nr42-din-24-iunie-2026-privind-inițierea-procesului-de-amalgamare-voluntară-2284923.html,1. Initiated,https://actelocale.gov.md/ral/act/cu-privire-la-modificarea-deciziei-consiliului-comunal-nr42-din-24-iunie-2026-privind-inițierea-procesului-de-amalgamare-voluntară-2284923.html
Strășeni,Greblești,8020,1. < 1500,-20.2%,536,TRUE,FALSE,FALSE,FALSE,1. Initiated,https://actelocale.gov.md/ral/act/cu-privire-la-modificarea-deciziei-nr-27-din-05062026-cu-privire-la-inițierea-procesului-de-amalgamare-voluntară-2290513.html,1. Initiated,https://actelocale.gov.md/ral/act/cu-privire-la-modificarea-deciziei-nr-27-din-05062026-cu-privire-la-inițierea-procesului-de-amalgamare-voluntară-2290513.html
Strășeni,Lozova,8022,3. 3K - 5K,-37.8%,"3,857",TRUE,FALSE,FALSE,FALSE,,,0. Unclear or Not Initiated,0. Not Checked
Strășeni,Micăuți,8024,2. 1.5K - 3K,-19.4%,"2,302",TRUE,FALSE,FALSE,FALSE,,,0. Unclear or Not Initiated,0. Not Checked
Strășeni,Micleușeni,6039,1. < 1500,-37.5%,"1,465",TRUE,FALSE,FALSE,FALSE,,,0. Unclear or Not Initiated,0. Not Checked
Strășeni,Negrești,8026,1. < 1500,-13.0%,"1,136",TRUE,FALSE,FALSE,FALSE,1. Initiated,https://actelocale.gov.md/ral/act/cu-privire-la-modificarea-și-completareadeciziei-nr42-din-22-mai-2026-pct1-2cu-privire-la-inilierea-procesului-de-amalgamare-voluntară-2295287.html,1. Initiated,https://actelocale.gov.md/ral/act/cu-privire-la-modificarea-și-completareadeciziei-nr42-din-22-mai-2026-pct1-2cu-privire-la-inilierea-procesului-de-amalgamare-voluntară-2295287.html
Strășeni,Onești,8027,1. < 1500,-36.2%,532,TRUE,FALSE,FALSE,FALSE,1. Initiated,https://actelocale.gov.md/ral/act/cu-privire-la-inițierea-procesului-de-amalgamare-voluntară-2268889.html,1. Initiated,https://actelocale.gov.md/ral/act/cu-privire-la-inițierea-procesului-de-amalgamare-voluntară-2268889.html
Strășeni,Pănășești,8028,2. 1.5K - 3K,-22.4%,"2,327",TRUE,FALSE,FALSE,FALSE,1. Initiated,https://actelocale.gov.md/ral/act/cu-privire-la-acceptarea-propunerii-de-inițiere-a-procesului-de-amalgamare-voluntară-2259356.html,1. Initiated,https://actelocale.gov.md/ral/act/cu-privire-la-acceptarea-propunerii-de-inițiere-a-procesului-de-amalgamare-voluntară-2259356.html
Strășeni,Rădeni,8030,2. 1.5K - 3K,-39.6%,"1,935",TRUE,FALSE,FALSE,FALSE,1. Initiated,https://actelocale.gov.md/ral/act/cu-privire-la-completarea-deciziei-consiliului-local-rădeni-nr0214-din-15-mai-2026-cu-privire-la-iniţierea-procesului-de-amalgamare-voluntară-2292847.html,1. Initiated,https://actelocale.gov.md/ral/act/cu-privire-la-completarea-deciziei-consiliului-local-rădeni-nr0214-din-15-mai-2026-cu-privire-la-iniţierea-procesului-de-amalgamare-voluntară-2292847.html
Strășeni,Recea,8034,1. < 1500,-36.2%,"1,483",TRUE,FALSE,FALSE,FALSE,1. Initiated,https://actelocale.gov.md/ral/act/cu-privire-la-inițierea-procesului-de-amalgamare-voluntară-a-satului-recea-cu-satul-tătărești-și-comuna-ghelauza-din-raionul-strășeni-2292574.html,1. Initiated,https://actelocale.gov.md/ral/act/cu-privire-la-inițierea-procesului-de-amalgamare-voluntară-a-satului-recea-cu-satul-tătărești-și-comuna-ghelauza-din-raionul-strășeni-2292574.html
Strășeni,Romăneşti,8032,1. < 1500,-22.1%,972,TRUE,FALSE,FALSE,FALSE,1. Initiated,https://actelocale.gov.md/ral/act/cu-privire-la-iniţierea-procedurii-de-amalgamare-voluntară-2287980.html,1. Initiated,https://actelocale.gov.md/ral/act/cu-privire-la-iniţierea-procedurii-de-amalgamare-voluntară-2287980.html
Strășeni,Roșcani,8035,1. < 1500,-23.3%,"1,254",TRUE,FALSE,FALSE,FALSE,,,0. Unclear or Not Initiated,0. Not Checked
Strășeni,Scoreni,8036,2. 1.5K - 3K,-27.1%,"2,658",TRUE,FALSE,FALSE,FALSE,1. Initiated,https://actelocale.gov.md/ral/act/cu-privire-la-modificarea-prin-completare-adeciziei-consiliului-local-nr-51-din-15062026-cu-privire-la-inițierea-procesului-de-amalgamare-voluntară-2294862.html,1. Initiated,https://actelocale.gov.md/ral/act/cu-privire-la-modificarea-prin-completare-adeciziei-consiliului-local-nr-51-din-15062026-cu-privire-la-inițierea-procesului-de-amalgamare-voluntară-2294862.html
Strășeni,Sireţi,8037,3. 3K - 5K,-17.3%,"4,824",TRUE,FALSE,FALSE,FALSE,,,0. Unclear or Not Initiated,0. Not Checked
Strășeni,Strășeni,8001,5. > 10K,-21.1%,"14,497",TRUE,FALSE,FALSE,FALSE,1. Initiated,https://actelocale.gov.md/ral/act/cu-privire-la-inițierea-procesului-de-amalgamare-voluntară-2274084.html,1. Initiated,https://actelocale.gov.md/ral/act/cu-privire-la-inițierea-procesului-de-amalgamare-voluntară-2274084.html
Strășeni,Tătărești,8038,1. < 1500,-31.2%,985,TRUE,FALSE,FALSE,FALSE,1. Initiated,https://actelocale.gov.md/ral/act/cu-privire-la-iniţierea-procesului-de-amalgamare-voluntară-2285042.html,1. Initiated,https://actelocale.gov.md/ral/act/cu-privire-la-iniţierea-procesului-de-amalgamare-voluntară-2285042.html
Strășeni,Țigănești,8040,1. < 1500,-14.5%,982,TRUE,FALSE,FALSE,FALSE,1. Initiated,https://actelocale.gov.md/ral/act/cu-privire-la-inițierea-procesului-de-amalgamare-voluntară-2264440.html,1. Initiated,https://actelocale.gov.md/ral/act/cu-privire-la-inițierea-procesului-de-amalgamare-voluntară-2264440.html
Strășeni,Voinova,8041,1. < 1500,-28.8%,985,TRUE,FALSE,FALSE,FALSE,1. Initiated,https://actelocale.gov.md/ral/act/cu-privire-la-inițierea-procesului-de-amalgamare-voluntară-2239118.html,1. Initiated,https://actelocale.gov.md/ral/act/cu-privire-la-inițierea-procesului-de-amalgamare-voluntară-2239118.html
Strășeni,Vorniceni,8042,3. 3K - 5K,-24.4%,"3,073",TRUE,FALSE,FALSE,FALSE,1. Initiated,https://actelocale.gov.md/ral/act/cu-privire-la-inițierea-procesului-de-amalgamare-voluntară-2239118.html,1. Initiated,https://actelocale.gov.md/ral/act/cu-privire-la-inițierea-procesului-de-amalgamare-voluntară-2239118.html
Strășeni,Zubrești,8043,2. 1.5K - 3K,-26.9%,"2,093",TRUE,FALSE,FALSE,FALSE,,,0. Unclear or Not Initiated,0. Not Checked
Taraclia,Albota de Jos,8710,1. < 1500,-33.2%,952,TRUE,FALSE,FALSE,FALSE,3. Draft Consultation,https://actelocale.gov.md/ral/act/cu-privire-la-inițierea-consultărilor-publice-asupra-proiectului-de-decizie-cu-privire-la-amalgamarea-voluntară-a-unităților-administrativ-teritoriale-comuna-albota-de-jos-raionul-taraclia-comuna-albota-de-sus-raionul-taraclia-comuna-salcia-raionul-taraclia-și-satul-balabanu-raionul-taraclia-2282109.html,3. Draft Consultation,https://actelocale.gov.md/ral/act/cu-privire-la-inițierea-consultărilor-publice-asupra-proiectului-de-decizie-cu-privire-la-amalgamarea-voluntară-a-unităților-administrativ-teritoriale-comuna-albota-de-jos-raionul-taraclia-comuna-albota-de-sus-raionul-taraclia-comuna-salcia-raionul-taraclia-și-satul-balabanu-raionul-taraclia-2282109.html
Taraclia,Albota de Sus,8713,1. < 1500,-32.9%,"1,304",TRUE,FALSE,FALSE,FALSE,3. Draft Consultation,https://actelocale.gov.md/ral/act/cu-privire-la-inițierea-consultărilor-publice-asupra-proiectului-de-decizie-cu-privire-la-amalgamarea-voluntară-a-unităților-administrativ-teritoriale-comuna-albota-de-sus-raionul-taraclia-comuna-albota-de-jos-raionul-taraclia-comuna-salcia-raionul-taraclia-și-satul-balabanu-raionul-taraclia-2280948.html,3. Draft Consultation,https://actelocale.gov.md/ral/act/cu-privire-la-inițierea-consultărilor-publice-asupra-proiectului-de-decizie-cu-privire-la-amalgamarea-voluntară-a-unităților-administrativ-teritoriale-comuna-albota-de-sus-raionul-taraclia-comuna-albota-de-jos-raionul-taraclia-comuna-salcia-raionul-taraclia-și-satul-balabanu-raionul-taraclia-2280948.html
Taraclia,Aluatu,8716,1. < 1500,-29.4%,497,TRUE,FALSE,FALSE,FALSE,1. Initiated,https://actelocale.gov.md/ral/act/cu-privire-la-inițierea-procesului-de-amalgamare-voluntară-2299891.html,1. Initiated,https://actelocale.gov.md/ral/act/cu-privire-la-inițierea-procesului-de-amalgamare-voluntară-2299891.html
Taraclia,Balabanu,8717,1. < 1500,-30.1%,604,TRUE,FALSE,FALSE,FALSE,2. Working Group,https://actelocale.gov.md/ral/act/cu-privire-la-solicitarea-transferului-pentru-susținerea-procesului-de-amalgamare-voluntară-2290731.html,2. Working Group,https://actelocale.gov.md/ral/act/cu-privire-la-solicitarea-transferului-pentru-susținerea-procesului-de-amalgamare-voluntară-2290731.html
Taraclia,Budăi,8719,1. < 1500,-29.1%,591,TRUE,FALSE,FALSE,FALSE,1. Initiated,https://actelocale.gov.md/ral/act/cu-privire-la-inițierea-procesului-de-amalgamare-voluntară-2285383.html,1. Initiated,https://actelocale.gov.md/ral/act/cu-privire-la-inițierea-procesului-de-amalgamare-voluntară-2285383.html
Taraclia,Cairaclia,8720,1. < 1500,-33.0%,"1,154",TRUE,FALSE,FALSE,FALSE,,,0. Unclear or Not Initiated,0. Not Checked
Taraclia,Cealîc,8721,1. < 1500,-26.1%,633,TRUE,FALSE,FALSE,FALSE,1. Initiated,https://actelocale.gov.md/ral/act/cu-privire-la-inițierea-procesului-de-amalgamare-voluntară-2291624.html,1. Initiated,https://actelocale.gov.md/ral/act/cu-privire-la-inițierea-procesului-de-amalgamare-voluntară-2291624.html
Taraclia,Corten,8723,2. 1.5K - 3K,-35.3%,"1,833",TRUE,FALSE,FALSE,FALSE,,,0. Unclear or Not Initiated,0. Not Checked
Taraclia,Musaitu,8724,1. < 1500,-33.9%,554,TRUE,FALSE,FALSE,FALSE,1. Initiated,https://actelocale.gov.md/ral/act/cu-privire-la-inițierea-procesului-de-amalgamare-voluntară-2300492.html,1. Initiated,https://actelocale.gov.md/ral/act/cu-privire-la-inițierea-procesului-de-amalgamare-voluntară-2300492.html
Taraclia,Novosiolovca,8725,1. < 1500,-39.2%,842,TRUE,FALSE,FALSE,FALSE,,,0. Unclear or Not Initiated,0. Not Checked
Taraclia,Salcia,8726,1. < 1500,-37.9%,182,TRUE,FALSE,FALSE,FALSE,2. Working Group,https://actelocale.gov.md/ral/act/cu-privire-la-solicitarea-transferului-pentru-susținerea-procesului-de-amalgamare-voluntară-2285936.html,2. Working Group,https://actelocale.gov.md/ral/act/cu-privire-la-solicitarea-transferului-pentru-susținerea-procesului-de-amalgamare-voluntară-2285936.html
Taraclia,Taraclia,8701,5. > 10K,-18.9%,"10,021",TRUE,FALSE,FALSE,FALSE,,,0. Unclear or Not Initiated,0. Not Checked
Taraclia,Tvardița,8728,3. 3K - 5K,-35.4%,"3,503",TRUE,FALSE,FALSE,FALSE,,,0. Unclear or Not Initiated,0. Not Checked
Taraclia,Valea Perjei,8729,2. 1.5K - 3K,-39.2%,"2,637",TRUE,FALSE,FALSE,FALSE,,,0. Unclear or Not Initiated,0. Not Checked
Taraclia,Vinogradovca,8730,1. < 1500,-27.1%,"1,128",TRUE,FALSE,FALSE,FALSE,1. Initiated,https://actelocale.gov.md/ral/act/cu-privire-la-inițierea-procesului-de-amalgamare-voluntară-2301823.html,1. Initiated,https://actelocale.gov.md/ral/act/cu-privire-la-inițierea-procesului-de-amalgamare-voluntară-2301823.html
Telenești,Bănești,8912,2. 1.5K - 3K,-29.7%,"2,185",TRUE,FALSE,FALSE,FALSE,2. Working Group,https://actelocale.gov.md/ral/act/cu-privire-la-crearea-grupului-de-lucruprivind-consultarea-locuitorilor-comunei-bănești-despre-amalgamarea-voluntară-2264907.html,2. Working Group,https://actelocale.gov.md/ral/act/cu-privire-la-crearea-grupului-de-lucruprivind-consultarea-locuitorilor-comunei-bănești-despre-amalgamarea-voluntară-2264907.html
Telenești,Bogzești,8914,1. < 1500,-29.1%,336,TRUE,FALSE,FALSE,FALSE,1. Initiated,https://actelocale.gov.md/ral/act/cu-privire-la-inițierea-procesului-de-amalgamare-voluntară-2272321.html,1. Initiated,https://actelocale.gov.md/ral/act/cu-privire-la-inițierea-procesului-de-amalgamare-voluntară-2272321.html
Telenești,Brînzenii Noi,8915,2. 1.5K - 3K,-38.3%,"1,634",TRUE,FALSE,FALSE,FALSE,,,0. Unclear or Not Initiated,0. Not Checked
Telenești,Budăi,8917,1. < 1500,-37.1%,"1,087",TRUE,FALSE,FALSE,FALSE,,,0. Unclear or Not Initiated,0. Not Checked
Telenești,Căzănești,8918,2. 1.5K - 3K,-25.8%,"1,933",TRUE,FALSE,FALSE,FALSE,,,0. Unclear or Not Initiated,0. Not Checked
Telenești,Chiștelnița,8921,2. 1.5K - 3K,-35.5%,"1,928",TRUE,FALSE,FALSE,FALSE,1. Initiated,https://actelocale.gov.md/ral/act/cu-privire-la-inițierea-procesului-de-amalgamare-voluntară-2237530.html,1. Initiated,https://actelocale.gov.md/ral/act/cu-privire-la-inițierea-procesului-de-amalgamare-voluntară-2237530.html
Telenești,Chițcanii Vechi,8922,1. < 1500,-32.6%,"1,498",TRUE,FALSE,FALSE,FALSE,1. Initiated,https://actelocale.gov.md/ral/act/cu-privire-la-inițierea-procesului-de-amalgamare-voluntară-2240949.html,1. Initiated,https://actelocale.gov.md/ral/act/cu-privire-la-inițierea-procesului-de-amalgamare-voluntară-2240949.html
Telenești,Cîşla,8925,1. < 1500,-28.3%,558,TRUE,FALSE,FALSE,FALSE,1. Initiated,https://actelocale.gov.md/ral/act/cu-privire-la-procesul-de-amalgamare-voluntară-2241088.html,1. Initiated,https://actelocale.gov.md/ral/act/cu-privire-la-procesul-de-amalgamare-voluntară-2241088.html
Telenești,Ciulucani,8924,1. < 1500,-20.1%,"1,010",TRUE,FALSE,FALSE,FALSE,2. Working Group,https://actelocale.gov.md/ral/act/cu-privire-la-crearea-grupului-de-lucru-privind-consultarea-locuitorilor-satului-ciulucani-despre-amalgamarea-voluntară-2281064.html,2. Working Group,https://actelocale.gov.md/ral/act/cu-privire-la-crearea-grupului-de-lucru-privind-consultarea-locuitorilor-satului-ciulucani-despre-amalgamarea-voluntară-2281064.html
Telenești,Codrul Nou,8926,1. < 1500,-37.0%,395,TRUE,FALSE,FALSE,FALSE,1. Initiated,https://actelocale.gov.md/ral/act/cu-privire-la-inițierea-procesului-de-amalgamare-voluntară-2265414.html,1. Initiated,https://actelocale.gov.md/ral/act/cu-privire-la-inițierea-procesului-de-amalgamare-voluntară-2265414.html
Telenești,Coropceni,8927,1. < 1500,-31.1%,919,TRUE,FALSE,FALSE,FALSE,1. Initiated,https://actelocale.gov.md/ral/act/cu-privire-la-inițierea-procesului-de-amalgamare-voluntară-2279604.html,1. Initiated,https://actelocale.gov.md/ral/act/cu-privire-la-inițierea-procesului-de-amalgamare-voluntară-2279604.html
Telenești,Crăsnășeni,8928,1. < 1500,-36.6%,644,TRUE,FALSE,FALSE,FALSE,1. Initiated,https://actelocale.gov.md/ral/act/cu-privire-la-inițierea-procesului-de-amalgamare-voluntară-2241044.html,1. Initiated,https://actelocale.gov.md/ral/act/cu-privire-la-inițierea-procesului-de-amalgamare-voluntară-2241044.html
Telenești,Ghiliceni,8929,2. 1.5K - 3K,-29.9%,"1,637",TRUE,FALSE,FALSE,FALSE,1. Initiated,https://actelocale.gov.md/ral/act/cu-privire-la-acceptarea-inițierii-procesului-de-amalgamare-voluntară-2286616.html,1. Initiated,https://actelocale.gov.md/ral/act/cu-privire-la-acceptarea-inițierii-procesului-de-amalgamare-voluntară-2286616.html
Telenești,Hirișeni,8932,1. < 1500,-38.4%,842,TRUE,FALSE,FALSE,FALSE,1. Initiated,https://actelocale.gov.md/ral/act/cu-privire-la-inițierea-procesului-de-amalgamare-voluntară-2240065.html,1. Initiated,https://actelocale.gov.md/ral/act/cu-privire-la-inițierea-procesului-de-amalgamare-voluntară-2240065.html
Telenești,Inești,8933,1. < 1500,-29.1%,"1,475",TRUE,FALSE,FALSE,FALSE,1. Initiated,https://actelocale.gov.md/ral/act/cu-privire-la-inițierea-procesului-de-amalgamare-voluntară-2239864.html,1. Initiated,https://actelocale.gov.md/ral/act/cu-privire-la-inițierea-procesului-de-amalgamare-voluntară-2239864.html
Telenești,Leușeni,8934,1. < 1500,-33.0%,"1,166",TRUE,8934,https://raw.githubusercontent.com/frank0051/Moldova-Primarii-Puternice-Dashboard/refs/heads/main/Other%20Sources/Telenesti-03.txt,5. Adopted,5. Adopted,,5. Adopted,https://raw.githubusercontent.com/frank0051/Moldova-Primarii-Puternice-Dashboard/refs/heads/main/Other%20Sources/Telenesti-03.txt
Telenești,Mîndrești,8935,2. 1.5K - 3K,-40.5%,"2,508",TRUE,FALSE,FALSE,FALSE,,,0. Unclear or Not Initiated,0. Not Checked
Telenești,Negureni,8937,2. 1.5K - 3K,-28.9%,"1,840",TRUE,FALSE,FALSE,FALSE,,,0. Unclear or Not Initiated,0. Not Checked
Telenești,Nucăreni,8940,1. < 1500,-33.4%,611,TRUE,FALSE,FALSE,FALSE,,,0. Unclear or Not Initiated,0. Not Checked
Telenești,Ordășei,8941,1. < 1500,-40.1%,469,TRUE,FALSE,FALSE,FALSE,2. Working Group,https://actelocale.gov.md/ral/act/cu-privire-la-aprobarea-propunerii-de-solicitare-a-transferului-cu-destinație-specială-pentru-pregătirea-procesului-de-amalgamare-voluntară-2292683.html,2. Working Group,https://actelocale.gov.md/ral/act/cu-privire-la-aprobarea-propunerii-de-solicitare-a-transferului-cu-destinație-specială-pentru-pregătirea-procesului-de-amalgamare-voluntară-2292683.html
Telenești,Pistruieni,8942,1. < 1500,-34.1%,655,TRUE,FALSE,FALSE,FALSE,1. Initiated,https://actelocale.gov.md/ral/act/cu-privire-la-inițierea-procesului-de-amalgamare-voluntară-2247870.html,1. Initiated,https://actelocale.gov.md/ral/act/cu-privire-la-inițierea-procesului-de-amalgamare-voluntară-2247870.html
Telenești,Ratuş,8945,1. < 1500,-38.0%,"1,080",TRUE,8945,https://raw.githubusercontent.com/frank0051/Moldova-Primarii-Puternice-Dashboard/refs/heads/main/Other%20Sources/Telenesti-03.txt,5. Adopted,5. Adopted,,5. Adopted,https://raw.githubusercontent.com/frank0051/Moldova-Primarii-Puternice-Dashboard/refs/heads/main/Other%20Sources/Telenesti-03.txt
Telenești,Sărătenii Vechi,8950,2. 1.5K - 3K,-32.5%,"1,709",TRUE,FALSE,FALSE,FALSE,,,0. Unclear or Not Initiated,0. Not Checked
Telenești,Scorțeni,8952,1. < 1500,-32.1%,"1,459",TRUE,FALSE,FALSE,FALSE,5. Adopted,https://actelocale.gov.md/ral/act/cu-privire-la-amalgamarea-voluntară-a-unităților-administrativ-teritoriale-scorțeni-și-chiștelnița-2301312.html,5. Adopted,https://actelocale.gov.md/ral/act/cu-privire-la-amalgamarea-voluntară-a-unităților-administrativ-teritoriale-scorțeni-și-chiștelnița-2301312.html
Telenești,Suhuluceni,8953,1. < 1500,-32.4%,"1,111",TRUE,FALSE,FALSE,FALSE,1. Initiated,https://actelocale.gov.md/ral/act/cu-privire-la-inițierea-procesului-de-amalgamare-voluntară-2277319.html,1. Initiated,https://actelocale.gov.md/ral/act/cu-privire-la-inițierea-procesului-de-amalgamare-voluntară-2277319.html
Telenești,Telenești,8901,4. 5K - 10K,-21.5%,"5,670",TRUE,FALSE,FALSE,FALSE,1. Initiated,https://actelocale.gov.md/ral/act/cu-privire-la-modificarea-și-completarea-deciziei-consiliului-orășenesc-nr223-din-03042026-cu-privire-la-inițierea-procesului-de-amalgamare-voluntară-2240896.html,1. Initiated,https://actelocale.gov.md/ral/act/cu-privire-la-modificarea-și-completarea-deciziei-consiliului-orășenesc-nr223-din-03042026-cu-privire-la-inițierea-procesului-de-amalgamare-voluntară-2240896.html
Telenești,Țînțăreni,8957,1. < 1500,-39.6%,988,TRUE,FALSE,FALSE,FALSE,2. Working Group,https://actelocale.gov.md/ral/act/cu-privire-la-consitituirea-grupului-de-initiativă-privind-amalgamarea-voluntară-2263700.html,2. Working Group,https://actelocale.gov.md/ral/act/cu-privire-la-consitituirea-grupului-de-initiativă-privind-amalgamarea-voluntară-2263700.html
Telenești,Tîrșiței,8955,1. < 1500,-35.8%,"1,022",TRUE,FALSE,FALSE,FALSE,,,0. Unclear or Not Initiated,0. Not Checked
Telenești,Văsieni,8958,1. < 1500,-40.3%,763,TRUE,FALSE,FALSE,FALSE,1. Initiated,https://actelocale.gov.md/ral/act/cu-privire-la-inițierea-procesului-de-amalgamare-voluntară-2249154.html,1. Initiated,https://actelocale.gov.md/ral/act/cu-privire-la-inițierea-procesului-de-amalgamare-voluntară-2249154.html
Telenești,Verejeni,8959,2. 1.5K - 3K,-34.5%,"1,835",TRUE,8959,https://raw.githubusercontent.com/frank0051/Moldova-Primarii-Puternice-Dashboard/refs/heads/main/Other%20Sources/Telenesti-03.txt,5. Adopted,5. Adopted,,5. Adopted,https://raw.githubusercontent.com/frank0051/Moldova-Primarii-Puternice-Dashboard/refs/heads/main/Other%20Sources/Telenesti-03.txt
Telenești,Zgărdești,8960,1. < 1500,-33.2%,485,TRUE,FALSE,FALSE,FALSE,,,0. Unclear or Not Initiated,0. Not Checked
Ungheni,Agronomovca,9211,1. < 1500,-26.0%,740,TRUE,FALSE,FALSE,FALSE,1. Initiated,https://actelocale.gov.md/ral/act/cu-privire-la-iniţierea-procedurii-de-amalgamare-voluntară-2239847.html,1. Initiated,https://actelocale.gov.md/ral/act/cu-privire-la-iniţierea-procedurii-de-amalgamare-voluntară-2239847.html
Ungheni,Alexeevca,9214,1. < 1500,-35.2%,708,TRUE,FALSE,FALSE,FALSE,1. Initiated,https://actelocale.gov.md/ral/act/cu-privire-la-iniţierea-procedurii-de-amalgamare-voluntară-2241199.html,1. Initiated,https://actelocale.gov.md/ral/act/cu-privire-la-iniţierea-procedurii-de-amalgamare-voluntară-2241199.html
Ungheni,Boghenii Noi,9217,1. < 1500,-36.5%,919,TRUE,FALSE,FALSE,FALSE,,,0. Unclear or Not Initiated,0. Not Checked
Ungheni,Buciumeni,9222,1. < 1500,-23.5%,968,TRUE,FALSE,FALSE,FALSE,1. Initiated,https://actelocale.gov.md/ral/act/cu-privire-la-initierea-procesului-de-amalgamare-voluntara-2249471.html,1. Initiated,https://actelocale.gov.md/ral/act/cu-privire-la-initierea-procesului-de-amalgamare-voluntara-2249471.html
Ungheni,Bumbăta,9224,1. < 1500,-38.1%,"1,305",TRUE,FALSE,FALSE,FALSE,1. Initiated,https://actelocale.gov.md/ral/act/cu-privire-la-iniţierea-procesului-de-amalgamare-voluntară-2251653.html,1. Initiated,https://actelocale.gov.md/ral/act/cu-privire-la-iniţierea-procesului-de-amalgamare-voluntară-2251653.html
Ungheni,Buşila,9225,1. < 1500,-25.5%,"1,301",TRUE,FALSE,FALSE,FALSE,,,0. Unclear or Not Initiated,0. Not Checked
Ungheni,Cetireni,9226,1. < 1500,-28.9%,"1,285",TRUE,FALSE,FALSE,FALSE,2. Working Group,https://actelocale.gov.md/ral/act/cu-privire-la-solicitarea-transferului-pentru-susţinerea-procesului-de-amalgamare-voluntară-2252245.html,2. Working Group,https://actelocale.gov.md/ral/act/cu-privire-la-solicitarea-transferului-pentru-susţinerea-procesului-de-amalgamare-voluntară-2252245.html
Ungheni,Chirileni,9227,1. < 1500,-38.5%,"1,074",TRUE,FALSE,FALSE,FALSE,,,0. Unclear or Not Initiated,0. Not Checked
Ungheni,Cioropcani,9228,2. 1.5K - 3K,-36.5%,"1,567",TRUE,FALSE,FALSE,FALSE,3. Draft Consultation,https://actelocale.gov.md/ral/act/cu-privire-la-organizarea-consultărilor-publice-privind-proiectul-de-decizie-și-viziunea-de-dezvoltare-în-contextul-inițierii-procesului-de-amalgamare-voluntară-a-unităților-administrativ-teritoriale-2302247.html,3. Draft Consultation,https://actelocale.gov.md/ral/act/cu-privire-la-organizarea-consultărilor-publice-privind-proiectul-de-decizie-și-viziunea-de-dezvoltare-în-contextul-inițierii-procesului-de-amalgamare-voluntară-a-unităților-administrativ-teritoriale-2302247.html
Ungheni,Condrăteşti,9231,1. < 1500,-43.7%,618,TRUE,FALSE,FALSE,FALSE,,,0. Unclear or Not Initiated,0. Not Checked
Ungheni,Cornești,9233,1. < 1500,-40.9%,"1,149",TRUE,FALSE,FALSE,FALSE,2. Working Group,https://actelocale.gov.md/ral/act/cu-privire-la-constituirea-grupului-responsabil-de-distribuirea-și-colectarea-chestionarelor-în-cadrul-procesului-de-amalgamare-voluntară-2290462.html,2. Working Group,https://actelocale.gov.md/ral/act/cu-privire-la-constituirea-grupului-responsabil-de-distribuirea-și-colectarea-chestionarelor-în-cadrul-procesului-de-amalgamare-voluntară-2290462.html
Ungheni,Cornova,9234,1. < 1500,-38.1%,599,TRUE,FALSE,FALSE,FALSE,,,0. Unclear or Not Initiated,0. Not Checked
Ungheni,Costuleni,9235,2. 1.5K - 3K,-26.7%,"2,249",TRUE,FALSE,FALSE,FALSE,,,0. Unclear or Not Initiated,0. Not Checked
Ungheni,Florițoaia Veche,9236,1. < 1500,-32.8%,"1,379",TRUE,FALSE,FALSE,FALSE,5. Adopted,https://actelocale.gov.md/ral/act/cu-privire-la-aprobarea-viziunii-uat-amalgamate-în-cadrul-clusteruluiungheni-zagarancea-mănoileşti-valea-mare-morenii-noi-floriţoaia-veche-cetireni-unţeşti-costuleni-brătuleni-2301981.html,5. Adopted,https://actelocale.gov.md/ral/act/cu-privire-la-aprobarea-viziunii-uat-amalgamate-în-cadrul-clusteruluiungheni-zagarancea-mănoileşti-valea-mare-morenii-noi-floriţoaia-veche-cetireni-unţeşti-costuleni-brătuleni-2301981.html
Ungheni,Hîrcești,9239,1. < 1500,-36.2%,"1,148",TRUE,FALSE,FALSE,FALSE,,,0. Unclear or Not Initiated,0. Not Checked
Ungheni,Măcărești,9244,3. 3K - 5K,-25.0%,"3,146",TRUE,FALSE,FALSE,FALSE,,,0. Unclear or Not Initiated,0. Not Checked
Ungheni,Măgurele,9246,1. < 1500,-47.5%,414,TRUE,FALSE,FALSE,FALSE,,,0. Unclear or Not Initiated,0. Not Checked
Ungheni,Mănoilești,9247,2. 1.5K - 3K,-24.0%,"2,390",TRUE,FALSE,FALSE,FALSE,2. Working Group,https://actelocale.gov.md/ral/act/cu-privire-la-solicitarea-transferuluipentru-susținerea-procesului-de-amalgamare-voluntară-2252932.html,2. Working Group,https://actelocale.gov.md/ral/act/cu-privire-la-solicitarea-transferuluipentru-susținerea-procesului-de-amalgamare-voluntară-2252932.html
Ungheni,Morenii Noi,9251,1. < 1500,-33.4%,848,TRUE,FALSE,FALSE,FALSE,5. Adopted,https://actelocale.gov.md/ral/act/cu-privire-la-aprobarea-viziunii-uat-amalgamate-în-cadrul-clusterului-ungheni-zagarancea-manoilesti-valea-mare-morenii-noi-floritoaia-veche-cetireni-untesti-costuleni-bratuleni-2302962.html,5. Adopted,https://actelocale.gov.md/ral/act/cu-privire-la-aprobarea-viziunii-uat-amalgamate-în-cadrul-clusterului-ungheni-zagarancea-manoilesti-valea-mare-morenii-noi-floritoaia-veche-cetireni-untesti-costuleni-bratuleni-2302962.html
Ungheni,Năpădeni,9254,1. < 1500,-40.5%,512,TRUE,FALSE,FALSE,FALSE,,,0. Unclear or Not Initiated,0. Not Checked
Ungheni,Negurenii Vechi,9255,1. < 1500,-37.2%,"1,158",TRUE,FALSE,FALSE,FALSE,,,0. Unclear or Not Initiated,0. Not Checked
Ungheni,Orașul Cornești,9202,2. 1.5K - 3K,-31.3%,"1,698",TRUE,FALSE,FALSE,FALSE,,,0. Unclear or Not Initiated,0. Not Checked
Ungheni,Petrești,9259,3. 3K - 5K,-21.2%,"3,153",TRUE,FALSE,FALSE,FALSE,,,0. Unclear or Not Initiated,0. Not Checked
Ungheni,Pîrlița,9261,3. 3K - 5K,-33.1%,"3,722",TRUE,FALSE,FALSE,FALSE,1. Initiated,https://actelocale.gov.md/ral/act/cu-privire-la-inițierea-procedurii-de-amalgamare-voluntară-2237961.html,1. Initiated,https://actelocale.gov.md/ral/act/cu-privire-la-inițierea-procedurii-de-amalgamare-voluntară-2237961.html
Ungheni,Rădenii Vechi,9262,1. < 1500,-36.4%,"1,027",TRUE,FALSE,FALSE,FALSE,5. Adopted,https://actelocale.gov.md/ral/act/cu-privire-la-amalgamarea-voluntară-a-unităților-administrativ-teritoriale-satul-rădenii-vechi-comuna-alexeevca-comuna-agronomovca-satul-teșcureni-și-comuna-pîrlița-raionul-ungheni-2303315.html,5. Adopted,https://actelocale.gov.md/ral/act/cu-privire-la-amalgamarea-voluntară-a-unităților-administrativ-teritoriale-satul-rădenii-vechi-comuna-alexeevca-comuna-agronomovca-satul-teșcureni-și-comuna-pîrlița-raionul-ungheni-2303315.html
Ungheni,Sculeni,9263,3. 3K - 5K,-20.6%,"3,773",TRUE,FALSE,FALSE,FALSE,1. Initiated,https://actelocale.gov.md/ral/act/cu-privire-la-iniţierea-procesului-de-amalgamare-voluntară-cu-comuna-taxobeni-comuna-buciumeni-şi-comuna-cioropcani-2231657.html,1. Initiated,https://actelocale.gov.md/ral/act/cu-privire-la-iniţierea-procesului-de-amalgamare-voluntară-cu-comuna-taxobeni-comuna-buciumeni-şi-comuna-cioropcani-2231657.html
Ungheni,Sinești,9267,1. < 1500,-36.6%,697,TRUE,FALSE,FALSE,FALSE,,,0. Unclear or Not Initiated,0. Not Checked
Ungheni,Teșcureni,9269,1. < 1500,-35.8%,646,TRUE,FALSE,FALSE,FALSE,1. Initiated,https://actelocale.gov.md/ral/act/cu-privire-la-iniţierea-procedurii-de-amalgamare-voluntară-2276283.html,1. Initiated,https://actelocale.gov.md/ral/act/cu-privire-la-iniţierea-procedurii-de-amalgamare-voluntară-2276283.html
Ungheni,Todirești,9271,2. 1.5K - 3K,-32.3%,"2,794",TRUE,FALSE,FALSE,FALSE,1. Initiated,https://actelocale.gov.md/ral/act/cu-privire-la-inițierea-procesului-deamalgamare-voluntară-2259287.html,1. Initiated,https://actelocale.gov.md/ral/act/cu-privire-la-inițierea-procesului-deamalgamare-voluntară-2259287.html
Ungheni,Ungheni,9201,5. > 10K,-14.1%,"26,457",TRUE,FALSE,FALSE,FALSE,5. Adopted,,5. Adopted,0
Ungheni,Unţeşti,9273,1. < 1500,-28.9%,"1,127",TRUE,FALSE,FALSE,FALSE,5. Adopted,https://actelocale.gov.md/ral/act/cu-privire-la-aprobarea-viziunii-uat-amalgamate-în-cadrul-clusterului-ungheni-zagarancea-mănoileşti-valea-mare-morenii-noi-floriţoaia-veche-cetireni-unţeşti-costuleni-brătuleni-2302838.html,5. Adopted,https://actelocale.gov.md/ral/act/cu-privire-la-aprobarea-viziunii-uat-amalgamate-în-cadrul-clusterului-ungheni-zagarancea-mănoileşti-valea-mare-morenii-noi-floriţoaia-veche-cetireni-unţeşti-costuleni-brătuleni-2302838.html
Ungheni,Valea Mare,9274,2. 1.5K - 3K,-23.3%,"2,327",TRUE,FALSE,FALSE,FALSE,5. Adopted,https://actelocale.gov.md/ral/act/cu-privire-la-aprobarea-viziunii-uat-amalgamateîn-cadrul-clusterului-ungheni-zagarancea-mănoilești-valea-maremorenii-noi-florițoaia-veche-cetireni-unțești-costuleni-brătuleni-2302130.html,5. Adopted,https://actelocale.gov.md/ral/act/cu-privire-la-aprobarea-viziunii-uat-amalgamateîn-cadrul-clusterului-ungheni-zagarancea-mănoilești-valea-maremorenii-noi-florițoaia-veche-cetireni-unțești-costuleni-brătuleni-2302130.html
Ungheni,Zagarancea,9277,2. 1.5K - 3K,-11.9%,"2,906",TRUE,FALSE,FALSE,FALSE,2. Working Group,https://actelocale.gov.md/ral/act/cu-privire-la-solicitarea-transferului-pentru-susținerea-procesului-de-amalgamare-voluntară-2267320.html,2. Working Group,https://actelocale.gov.md/ral/act/cu-privire-la-solicitarea-transferului-pentru-susținerea-procesului-de-amalgamare-voluntară-2267320.html
UTA Găgăuzia,Avdarma,9610,2. 1.5K - 3K,-26.3%,"2,437",FALSE,FALSE,FALSE,FALSE,,,0. Unclear or Not Initiated,0. Not Checked
UTA Găgăuzia,Baurci,9611,3. 3K - 5K,-47.2%,"3,942",FALSE,FALSE,FALSE,FALSE,,,0. Unclear or Not Initiated,0. Not Checked
UTA Găgăuzia,Besalma,9612,2. 1.5K - 3K,-35.8%,"2,458",FALSE,FALSE,FALSE,FALSE,,,0. Unclear or Not Initiated,0. Not Checked
UTA Găgăuzia,Besghioz,9613,2. 1.5K - 3K,-44.0%,"1,940",FALSE,FALSE,FALSE,FALSE,,,0. Unclear or Not Initiated,0. Not Checked
UTA Găgăuzia,Bugeac,9614,1. < 1500,-15.3%,"1,145",FALSE,FALSE,FALSE,FALSE,,,0. Unclear or Not Initiated,0. Not Checked
UTA Găgăuzia,Carbalia,9615,1. < 1500,-24.3%,283,FALSE,FALSE,FALSE,FALSE,,,0. Unclear or Not Initiated,0. Not Checked
UTA Găgăuzia,Cazaclia,9616,3. 3K - 5K,-33.3%,"4,468",FALSE,FALSE,FALSE,FALSE,,,0. Unclear or Not Initiated,0. Not Checked
UTA Găgăuzia,Chioselia Rusa,9617,1. < 1500,-29.1%,422,FALSE,FALSE,FALSE,FALSE,,,0. Unclear or Not Initiated,0. Not Checked
UTA Găgăuzia,Chiriet-Lunga,9618,1. < 1500,-45.1%,"1,251",FALSE,FALSE,FALSE,FALSE,,,0. Unclear or Not Initiated,0. Not Checked
UTA Găgăuzia,Chirsova,9619,3. 3K - 5K,-24.2%,"4,774",FALSE,FALSE,FALSE,FALSE,,,0. Unclear or Not Initiated,0. Not Checked
UTA Găgăuzia,Cioc-Maidan,9620,2. 1.5K - 3K,-24.1%,"2,202",FALSE,FALSE,FALSE,FALSE,,,0. Unclear or Not Initiated,0. Not Checked
UTA Găgăuzia,Cismichioi,9621,3. 3K - 5K,-32.4%,"3,039",FALSE,FALSE,FALSE,FALSE,,,0. Unclear or Not Initiated,0. Not Checked
UTA Găgăuzia,Congaz,9622,4. 5K - 10K,-25.7%,"8,269",FALSE,FALSE,FALSE,FALSE,,,0. Unclear or Not Initiated,0. Not Checked
UTA Găgăuzia,Congazcicul de Sus,9624,1. < 1500,-5.7%,"1,396",FALSE,FALSE,FALSE,FALSE,,,0. Unclear or Not Initiated,0. Not Checked
UTA Găgăuzia,Copceac,9626,4. 5K - 10K,-29.6%,"6,434",FALSE,FALSE,FALSE,FALSE,,,0. Unclear or Not Initiated,0. Not Checked
UTA Găgăuzia,Cotovscoe,9627,1. < 1500,-23.4%,669,FALSE,FALSE,FALSE,FALSE,,,0. Unclear or Not Initiated,0. Not Checked
UTA Găgăuzia,Dezghingea,9628,3. 3K - 5K,-16.2%,"3,582",FALSE,FALSE,FALSE,FALSE,,,0. Unclear or Not Initiated,0. Not Checked
UTA Găgăuzia,Etulia,9629,2. 1.5K - 3K,-32.0%,"2,080",FALSE,FALSE,FALSE,FALSE,,,0. Unclear or Not Initiated,0. Not Checked
UTA Găgăuzia,Ferapontievca,9631,1. < 1500,-25.7%,600,FALSE,FALSE,FALSE,FALSE,,,0. Unclear or Not Initiated,0. Not Checked
UTA Găgăuzia,Gaidar,9632,2. 1.5K - 3K,-37.1%,"2,538",FALSE,FALSE,FALSE,FALSE,,,0. Unclear or Not Initiated,0. Not Checked
UTA Găgăuzia,Joltai,9633,1. < 1500,-41.3%,"1,111",FALSE,FALSE,FALSE,FALSE,,,0. Unclear or Not Initiated,0. Not Checked
UTA Găgăuzia,municipiul Ceadir-Lunga,9602,5. > 10K,-14.0%,"14,285",FALSE,FALSE,FALSE,FALSE,,,0. Unclear or Not Initiated,0. Not Checked
UTA Găgăuzia,municipiul Comrat,9601,5. > 10K,-4.9%,"19,120",FALSE,FALSE,FALSE,FALSE,,,0. Unclear or Not Initiated,0. Not Checked
UTA Găgăuzia,orasul Vulcanesti,9603,5. > 10K,-10.4%,"10,919",FALSE,FALSE,FALSE,FALSE,,,0. Unclear or Not Initiated,0. Not Checked
UTA Găgăuzia,Svetlîi,9634,1. < 1500,-21.2%,"1,278",FALSE,FALSE,FALSE,FALSE,,,0. Unclear or Not Initiated,0. Not Checked
UTA Găgăuzia,Tomai,9636,3. 3K - 5K,-29.0%,"3,026",FALSE,FALSE,FALSE,FALSE,,,0. Unclear or Not Initiated,0. Not Checked
